<?xml version="1.0" encoding="utf-8"?>
<ode><userPreferences><userPreference><key>theme</key><value>base</value></userPreference></userPreferences><odeResources><odeResource><key>odeVersionId</key><value>20251126220622WNWCJX</value></odeResource><odeResource><key>odeId</key><value>20251112173656TNLJGC</value></odeResource><odeResource><key>odeVersionName</key><value>1</value></odeResource><odeResource><key>isDownload</key><value>true</value></odeResource></odeResources><odeProperties><odeProperty><key>pp_title</key><value>Docencia compartida: enseñar y aprender en equipo</value></odeProperty><odeProperty><key>pp_lang</key><value>es</value></odeProperty><odeProperty><key>pp_author</key><value>María Toledo</value></odeProperty><odeProperty><key>license</key><value>creative commons: attribution - non commercial - share alike 4.0</value></odeProperty><odeProperty><key>pp_description</key><value>En este REA exploraremos qué es la codocencia, sus beneficios, modelos de aplicación y estrategias para planificar y evaluar conjuntamente.</value></odeProperty><odeProperty><key>exportSource</key><value>true</value></odeProperty><odeProperty><key>pp_addExeLink</key><value>true</value></odeProperty><odeProperty><key>pp_exportElp</key><value>false</value></odeProperty><odeProperty><key>pp_addPagination</key><value>false</value></odeProperty><odeProperty><key>pp_addSearchBox</key><value>false</value></odeProperty><odeProperty><key>pp_addAccessibilityToolbar</key><value>false</value></odeProperty><odeProperty><key>pp_extraHeadContent</key><value/></odeProperty><odeProperty><key>footer</key><value/></odeProperty></odeProperties><odeNavStructures><odeNavStructure><odePageId>20251126220622UZXLZU</odePageId><odeParentPageId/><pageName>Objetivos</pageName><odeNavStructureOrder>1</odeNavStructureOrder><odeNavStructureProperties><odeNavStructureProperty><key>titleNode</key><value>Objetivos</value></odeNavStructureProperty><odeNavStructureProperty><key>titleHtml</key><value/></odeNavStructureProperty><odeNavStructureProperty><key>editableInPage</key><value>false</value></odeNavStructureProperty><odeNavStructureProperty><key>titlePage</key><value>Objetivos</value></odeNavStructureProperty><odeNavStructureProperty><key>visibility</key><value>true</value></odeNavStructureProperty><odeNavStructureProperty><key>description</key><value/></odeNavStructureProperty></odeNavStructureProperties><odePagStructures><odePagStructure><odePageId>20251126220622UZXLZU</odePageId><odeBlockId>20251126220622BTXOTK</odeBlockId><blockName/><iconName/><odePagStructureOrder>1</odePagStructureOrder><odePagStructureProperties><odePagStructureProperty><key>visibility</key><value>true</value></odePagStructureProperty><odePagStructureProperty><key>teacherOnly</key><value>false</value></odePagStructureProperty><odePagStructureProperty><key>allowToggle</key><value>true</value></odePagStructureProperty><odePagStructureProperty><key>minimized</key><value>false</value></odePagStructureProperty><odePagStructureProperty><key>identifier</key><value/></odePagStructureProperty><odePagStructureProperty><key>cssClass</key><value/></odePagStructureProperty></odePagStructureProperties><odeComponents><odeComponent><odePageId>20251126220622UZXLZU</odePageId><odeBlockId>20251126220622BTXOTK</odeBlockId><odeIdeviceId>202511132257509164JT</odeIdeviceId><odeIdeviceTypeName>text</odeIdeviceTypeName><htmlView>&lt;div class="exe-text-template"&gt;&lt;div class="textIdeviceContent"&gt;
            &lt;div class="exe-text-activity"&gt;
                &lt;div&gt;&lt;p&gt;&lt;img src="{{context_path}}/202511132257509164JT/codocencia.png" title="Codo" width="1024" height="1024" alt="Codo"&gt;&lt;/p&gt;&lt;p class="clearfix"&gt;&lt;/p&gt;&lt;/div&gt;
            &lt;/div&gt;&lt;/div&gt;&lt;/div&gt;</htmlView><jsonProperties>{"ideviceId":"202511132257509164JT","textInfoDurationInput":"","textInfoDurationTextInput":"Duración","textInfoParticipantsInput":"","textInfoParticipantsTextInput":"Agrupamiento","textTextarea":"&lt;p&gt;&lt;img src=\"{{context_path}}/202511132257509164JT/codocencia.png\" title=\"Codo\" width=\"1024\" height=\"1024\" alt=\"Codo\" /&gt;&lt;/p&gt;","textFeedbackInput":"Mostrar retroalimentación","textFeedbackTextarea":""}</jsonProperties><odeComponentsOrder>1</odeComponentsOrder><odeComponentsProperties><odeComponentsProperty><key>visibility</key><value>true</value></odeComponentsProperty><odeComponentsProperty><key>teacherOnly</key><value>false</value></odeComponentsProperty><odeComponentsProperty><key>identifier</key><value/></odeComponentsProperty><odeComponentsProperty><key>cssClass</key><value/></odeComponentsProperty></odeComponentsProperties></odeComponent></odeComponents></odePagStructure><odePagStructure><odePageId>20251126220622UZXLZU</odePageId><odeBlockId>20251126220622ZQCEPH</odeBlockId><blockName>Objetivos</blockName><iconName/><odePagStructureOrder>2</odePagStructureOrder><odePagStructureProperties><odePagStructureProperty><key>visibility</key><value>true</value></odePagStructureProperty><odePagStructureProperty><key>teacherOnly</key><value>false</value></odePagStructureProperty><odePagStructureProperty><key>allowToggle</key><value>true</value></odePagStructureProperty><odePagStructureProperty><key>minimized</key><value>false</value></odePagStructureProperty><odePagStructureProperty><key>identifier</key><value/></odePagStructureProperty><odePagStructureProperty><key>cssClass</key><value/></odePagStructureProperty></odePagStructureProperties><odeComponents><odeComponent><odePageId>20251126220622UZXLZU</odePageId><odeBlockId>20251126220622ZQCEPH</odeBlockId><odeIdeviceId>20251112184040171FOS</odeIdeviceId><odeIdeviceTypeName>text</odeIdeviceTypeName><htmlView>&lt;div class="exe-text-template"&gt;&lt;div class="textIdeviceContent"&gt;
            &lt;div class="exe-text-activity"&gt;
                &lt;div&gt;&lt;p&gt;Objetivos generales:&lt;/p&gt;
&lt;ul&gt;
&lt;li&gt;Comprender los fundamentos de la docencia compartida.&lt;/li&gt;
&lt;li&gt;Identificar distintos modelos y estilos de colaboración docente.&lt;/li&gt;
&lt;li&gt;Diseñar una experiencia de codocencia aplicable a tu contexto educativo.&lt;/li&gt;
&lt;li&gt;Valorar la docencia compartida como herramienta de inclusión y mejora educativa.&lt;br&gt;&lt;/li&gt;
&lt;/ul&gt;&lt;p class="clearfix"&gt;&lt;/p&gt;&lt;/div&gt;
            &lt;/div&gt;&lt;/div&gt;&lt;/div&gt;</htmlView><jsonProperties>{"ideviceId":"20251112184040171FOS","textInfoDurationInput":"","textInfoDurationTextInput":"Duración","textInfoParticipantsInput":"","textInfoParticipantsTextInput":"Agrupamiento","textTextarea":"&lt;p&gt;Objetivos generales:&lt;/p&gt;\n&lt;ul&gt;\n&lt;li&gt;Comprender los fundamentos de la docencia compartida.&lt;/li&gt;\n&lt;li&gt;Identificar distintos modelos y estilos de colaboración docente.&lt;/li&gt;\n&lt;li&gt;Diseñar una experiencia de codocencia aplicable a tu contexto educativo.&lt;/li&gt;\n&lt;li&gt;Valorar la docencia compartida como herramienta de inclusión y mejora educativa.&lt;br /&gt;&lt;/li&gt;\n&lt;/ul&gt;","textFeedbackInput":"Mostrar retroalimentación","textFeedbackTextarea":""}</jsonProperties><odeComponentsOrder>1</odeComponentsOrder><odeComponentsProperties><odeComponentsProperty><key>visibility</key><value>true</value></odeComponentsProperty><odeComponentsProperty><key>teacherOnly</key><value>false</value></odeComponentsProperty><odeComponentsProperty><key>identifier</key><value/></odeComponentsProperty><odeComponentsProperty><key>cssClass</key><value/></odeComponentsProperty></odeComponentsProperties></odeComponent></odeComponents></odePagStructure></odePagStructures></odeNavStructure><odeNavStructure><odePageId>20251126220622KBWXEH</odePageId><odeParentPageId/><pageName>Bloque 1: ¿Qué es la codocencia?</pageName><odeNavStructureOrder>2</odeNavStructureOrder><odeNavStructureProperties><odeNavStructureProperty><key>titleNode</key><value/></odeNavStructureProperty><odeNavStructureProperty><key>titleHtml</key><value/></odeNavStructureProperty><odeNavStructureProperty><key>editableInPage</key><value>false</value></odeNavStructureProperty><odeNavStructureProperty><key>titlePage</key><value>Bloque 1: ¿Qué es la codocencia?</value></odeNavStructureProperty><odeNavStructureProperty><key>visibility</key><value>true</value></odeNavStructureProperty><odeNavStructureProperty><key>description</key><value/></odeNavStructureProperty></odeNavStructureProperties><odePagStructures><odePagStructure><odePageId>20251126220622KBWXEH</odePageId><odeBlockId>20251126220622WPXNFV</odeBlockId><blockName/><iconName/><odePagStructureOrder>1</odePagStructureOrder><odePagStructureProperties><odePagStructureProperty><key>visibility</key><value>true</value></odePagStructureProperty><odePagStructureProperty><key>teacherOnly</key><value>false</value></odePagStructureProperty><odePagStructureProperty><key>allowToggle</key><value>true</value></odePagStructureProperty><odePagStructureProperty><key>minimized</key><value>false</value></odePagStructureProperty><odePagStructureProperty><key>identifier</key><value/></odePagStructureProperty><odePagStructureProperty><key>cssClass</key><value/></odePagStructureProperty></odePagStructureProperties><odeComponents><odeComponent><odePageId>20251126220622KBWXEH</odePageId><odeBlockId>20251126220622WPXNFV</odeBlockId><odeIdeviceId>202511121902099693R5</odeIdeviceId><odeIdeviceTypeName>text</odeIdeviceTypeName><htmlView>&lt;div class="exe-text-template"&gt;&lt;div class="textIdeviceContent"&gt;
            &lt;div class="exe-text-activity"&gt;
                &lt;div&gt;&lt;p&gt;&lt;br&gt;Bloque 1: ¿Qué es la codocencia?&lt;/p&gt;
&lt;figure class="exe-figure exe-media position-center license-standard-youtube" style="width: 560px;"&gt;&lt;iframe width="560" height="314" src="https://www.youtube.com/embed/3O_jYvHGVqc?si=KU8qYQtM7d-rWFcX" allowfullscreen="allowfullscreen"&gt;&lt;/iframe&gt;
&lt;figcaption class="figcaption"&gt;&lt;a href="https://youtube.com/@gustavoatomico28?si=XwrcMsQD4xZfQGJT" target="_blank" class="author" rel="noopener"&gt;Gustavo Gárate&lt;/a&gt;. &lt;a href="https://youtu.be/3O_jYvHGVqc?si=OSOwSZaE74iDnHyp" target="_blank" class="title" rel="noopener"&gt;&lt;em&gt;La Co-Docencia&lt;/em&gt;&lt;/a&gt; &lt;span class="license"&gt;&lt;span class="sep"&gt;(&lt;/span&gt;&lt;a href="https://www.youtube.com/static?template=terms" rel="license nofollow noopener" target="_blank"&gt;Standard YouTube License&lt;/a&gt;&lt;span class="sep"&gt;)&lt;/span&gt;&lt;/span&gt;&lt;/figcaption&gt;
&lt;/figure&gt;
&lt;p&gt;&lt;br&gt;&lt;/p&gt;&lt;p class="clearfix"&gt;&lt;/p&gt;&lt;/div&gt;
            &lt;/div&gt;&lt;/div&gt;&lt;/div&gt;</htmlView><jsonProperties>{"ideviceId":"202511121902099693R5","textInfoDurationInput":"","textInfoDurationTextInput":"Duración","textInfoParticipantsInput":"","textInfoParticipantsTextInput":"Agrupamiento","textTextarea":"&lt;p&gt;&lt;br /&gt;Bloque 1: ¿Qué es la codocencia?&lt;/p&gt;\n&lt;figure class=\"exe-figure exe-media position-center license-standard-youtube\" style=\"width: 560px;\"&gt;&lt;iframe width=\"560\" height=\"314\" src=\"https://www.youtube.com/embed/3O_jYvHGVqc?si=KU8qYQtM7d-rWFcX\" allowfullscreen=\"allowfullscreen\"&gt;&lt;/iframe&gt;\n&lt;figcaption class=\"figcaption\"&gt;&lt;a href=\"https://youtube.com/@gustavoatomico28?si=XwrcMsQD4xZfQGJT\" target=\"_blank\" class=\"author\" rel=\"noopener\"&gt;Gustavo Gárate&lt;/a&gt;. &lt;a href=\"https://youtu.be/3O_jYvHGVqc?si=OSOwSZaE74iDnHyp\" target=\"_blank\" class=\"title\" rel=\"noopener\"&gt;&lt;em&gt;La Co-Docencia&lt;/em&gt;&lt;/a&gt; &lt;span class=\"license\"&gt;&lt;span class=\"sep\"&gt;(&lt;/span&gt;&lt;a href=\"https://www.youtube.com/static?template=terms\" rel=\"license nofollow noopener\" target=\"_blank\"&gt;Standard YouTube License&lt;/a&gt;&lt;span class=\"sep\"&gt;)&lt;/span&gt;&lt;/span&gt;&lt;/figcaption&gt;\n&lt;/figure&gt;\n&lt;p&gt;&lt;br /&gt;&lt;/p&gt;","textFeedbackInput":"Mostrar retroalimentación","textFeedbackTextarea":""}</jsonProperties><odeComponentsOrder>1</odeComponentsOrder><odeComponentsProperties><odeComponentsProperty><key>visibility</key><value>true</value></odeComponentsProperty><odeComponentsProperty><key>teacherOnly</key><value>false</value></odeComponentsProperty><odeComponentsProperty><key>identifier</key><value/></odeComponentsProperty><odeComponentsProperty><key>cssClass</key><value/></odeComponentsProperty></odeComponentsProperties></odeComponent></odeComponents></odePagStructure></odePagStructures></odeNavStructure><odeNavStructure><odePageId>20251126220622JQAAQB</odePageId><odeParentPageId/><pageName>Bloque 2: Modelos de docencia compartida</pageName><odeNavStructureOrder>3</odeNavStructureOrder><odeNavStructureProperties><odeNavStructureProperty><key>titleNode</key><value>Bloque 2: Modelos de docencia compartida</value></odeNavStructureProperty><odeNavStructureProperty><key>titleHtml</key><value/></odeNavStructureProperty><odeNavStructureProperty><key>editableInPage</key><value>false</value></odeNavStructureProperty><odeNavStructureProperty><key>titlePage</key><value>Bloque 2: Modelos de docencia compartida</value></odeNavStructureProperty><odeNavStructureProperty><key>visibility</key><value>true</value></odeNavStructureProperty><odeNavStructureProperty><key>description</key><value/></odeNavStructureProperty></odeNavStructureProperties><odePagStructures><odePagStructure><odePageId>20251126220622JQAAQB</odePageId><odeBlockId>20251126220622DFZASP</odeBlockId><blockName>Modelos de Docencia compartida</blockName><iconName/><odePagStructureOrder>1</odePagStructureOrder><odePagStructureProperties><odePagStructureProperty><key>visibility</key><value>true</value></odePagStructureProperty><odePagStructureProperty><key>teacherOnly</key><value>false</value></odePagStructureProperty><odePagStructureProperty><key>allowToggle</key><value>true</value></odePagStructureProperty><odePagStructureProperty><key>minimized</key><value>false</value></odePagStructureProperty><odePagStructureProperty><key>identifier</key><value/></odePagStructureProperty><odePagStructureProperty><key>cssClass</key><value/></odePagStructureProperty></odePagStructureProperties><odeComponents><odeComponent><odePageId>20251126220622JQAAQB</odePageId><odeBlockId>20251126220622DFZASP</odeBlockId><odeIdeviceId>202511121912496183EY</odeIdeviceId><odeIdeviceTypeName>text</odeIdeviceTypeName><htmlView>&lt;div class="exe-text-template"&gt;&lt;div class="textIdeviceContent"&gt;
            &lt;div class="exe-text-activity"&gt;
                &lt;div&gt;&lt;p&gt;La docencia compartida es una estrategia de enseñanza en la que dos o más docentes planifican, imparten y evalúan conjuntamente el proceso de aprendizaje de un mismo grupo de estudiantes. Este enfoque fomenta la colaboración profesional, el intercambio de metodologías y la atención a la diversidad del aula.&lt;/p&gt;
&lt;p&gt;Existen diferentes modelos o formas de organización de la docencia compartida, que se eligen según los objetivos, el contexto y las necesidades del alumnado:&lt;/p&gt;
&lt;p&gt;&lt;strong&gt;Un docente lidera y otro apoya&lt;/strong&gt;&lt;br&gt;Uno de los profesores asume la dirección principal de la clase, mientras el otro ofrece apoyo individual o en pequeños grupos, ayuda a gestionar el aula o refuerza explicaciones cuando es necesario.&lt;br&gt;Enseñanza en estaciones o grupos&lt;br&gt;El grupo de alumnos se divide en varios equipos que rotan por diferentes “estaciones” de aprendizaje. Cada docente se encarga de una estación o actividad concreta, lo que permite una enseñanza más personalizada y dinámica.&lt;br&gt;&lt;strong&gt;Enseñanza paralela&lt;/strong&gt;&lt;br&gt;La clase se divide en dos grupos similares, y cada docente imparte el mismo contenido de forma simultánea. Este modelo reduce el tamaño del grupo y facilita la participación y atención individualizada.&lt;br&gt;&lt;strong&gt;Enseñanza alternativa&lt;/strong&gt;&lt;br&gt;Un docente trabaja con la mayor parte del grupo mientras el otro se centra en un subgrupo con necesidades específicas (por ejemplo, refuerzo o ampliación). Posteriormente, se pueden intercambiar los roles.&lt;br&gt;&lt;strong&gt;Enseñanza en equipo (team teaching)&lt;/strong&gt;&lt;br&gt;Ambos docentes planifican e imparten la clase de forma conjunta y simultánea. Se complementan, dialogan y se reparten las intervenciones durante la sesión, ofreciendo al alumnado una visión más rica y variada del aprendizaje.&lt;/p&gt;
&lt;h5&gt;&amp;nbsp;&lt;br&gt;&lt;strong&gt;Beneficios de la Codocencia&lt;/strong&gt;&lt;/h5&gt;
&lt;p&gt;Mayor atención a la diversidad y apoyo individualizado.&lt;br&gt;Enriquecimiento metodológico y aprendizaje profesional compartido.&lt;br&gt;Mejora del clima de aula y del seguimiento del alumnado.&lt;br&gt;Promoción de una enseñanza más inclusiva y colaborativa.&lt;/p&gt;&lt;p class="clearfix"&gt;&lt;/p&gt;&lt;/div&gt;
            &lt;/div&gt;&lt;/div&gt;&lt;/div&gt;</htmlView><jsonProperties>{"ideviceId":"202511121912496183EY","textInfoDurationInput":"","textInfoDurationTextInput":"Duración","textInfoParticipantsInput":"","textInfoParticipantsTextInput":"Agrupamiento","textTextarea":"&lt;p&gt;La docencia compartida es una estrategia de enseñanza en la que dos o más docentes planifican, imparten y evalúan conjuntamente el proceso de aprendizaje de un mismo grupo de estudiantes. Este enfoque fomenta la colaboración profesional, el intercambio de metodologías y la atención a la diversidad del aula.&lt;/p&gt;\n&lt;p&gt;Existen diferentes modelos o formas de organización de la docencia compartida, que se eligen según los objetivos, el contexto y las necesidades del alumnado:&lt;/p&gt;\n&lt;p&gt;&lt;strong&gt;Un docente lidera y otro apoya&lt;/strong&gt;&lt;br /&gt;Uno de los profesores asume la dirección principal de la clase, mientras el otro ofrece apoyo individual o en pequeños grupos, ayuda a gestionar el aula o refuerza explicaciones cuando es necesario.&lt;br /&gt;Enseñanza en estaciones o grupos&lt;br /&gt;El grupo de alumnos se divide en varios equipos que rotan por diferentes “estaciones” de aprendizaje. Cada docente se encarga de una estación o actividad concreta, lo que permite una enseñanza más personalizada y dinámica.&lt;br /&gt;&lt;strong&gt;Enseñanza paralela&lt;/strong&gt;&lt;br /&gt;La clase se divide en dos grupos similares, y cada docente imparte el mismo contenido de forma simultánea. Este modelo reduce el tamaño del grupo y facilita la participación y atención individualizada.&lt;br /&gt;&lt;strong&gt;Enseñanza alternativa&lt;/strong&gt;&lt;br /&gt;Un docente trabaja con la mayor parte del grupo mientras el otro se centra en un subgrupo con necesidades específicas (por ejemplo, refuerzo o ampliación). Posteriormente, se pueden intercambiar los roles.&lt;br /&gt;&lt;strong&gt;Enseñanza en equipo (team teaching)&lt;/strong&gt;&lt;br /&gt;Ambos docentes planifican e imparten la clase de forma conjunta y simultánea. Se complementan, dialogan y se reparten las intervenciones durante la sesión, ofreciendo al alumnado una visión más rica y variada del aprendizaje.&lt;/p&gt;\n&lt;h5&gt; &lt;br /&gt;&lt;strong&gt;Beneficios de la Codocencia&lt;/strong&gt;&lt;/h5&gt;\n&lt;p&gt;Mayor atención a la diversidad y apoyo individualizado.&lt;br /&gt;Enriquecimiento metodológico y aprendizaje profesional compartido.&lt;br /&gt;Mejora del clima de aula y del seguimiento del alumnado.&lt;br /&gt;Promoción de una enseñanza más inclusiva y colaborativa.&lt;/p&gt;","textFeedbackInput":"Mostrar retroalimentación","textFeedbackTextarea":""}</jsonProperties><odeComponentsOrder>1</odeComponentsOrder><odeComponentsProperties><odeComponentsProperty><key>visibility</key><value>true</value></odeComponentsProperty><odeComponentsProperty><key>teacherOnly</key><value>false</value></odeComponentsProperty><odeComponentsProperty><key>identifier</key><value/></odeComponentsProperty><odeComponentsProperty><key>cssClass</key><value/></odeComponentsProperty></odeComponentsProperties></odeComponent></odeComponents></odePagStructure><odePagStructure><odePageId>20251126220622JQAAQB</odePageId><odeBlockId>20251126220622EJQIDM</odeBlockId><blockName>Contenido DUA</blockName><iconName/><odePagStructureOrder>2</odePagStructureOrder><odePagStructureProperties><odePagStructureProperty><key>visibility</key><value>true</value></odePagStructureProperty><odePagStructureProperty><key>teacherOnly</key><value>false</value></odePagStructureProperty><odePagStructureProperty><key>allowToggle</key><value>true</value></odePagStructureProperty><odePagStructureProperty><key>minimized</key><value>false</value></odePagStructureProperty><odePagStructureProperty><key>identifier</key><value/></odePagStructureProperty><odePagStructureProperty><key>cssClass</key><value/></odePagStructureProperty></odePagStructureProperties><odeComponents><odeComponent><odePageId>20251126220622JQAAQB</odePageId><odeBlockId>20251126220622EJQIDM</odeBlockId><odeIdeviceId>20251113224552844SAM</odeIdeviceId><odeIdeviceTypeName>udl-content</odeIdeviceTypeName><htmlView>&lt;div class="exe-udlContent exe-udlContent-representation"&gt;&lt;section class="exe-udlContent-block"&gt;&lt;div class="exe-udlContent-content"&gt;&lt;div class="exe-udlContent-content-main"&gt;&lt;p&gt;&lt;img src="{{context_path}}/20251113224552844SAM/Modelos_de_Codocencia__Una_Guia_Practica_-_visual_selection.png" title="Codocencia" width="794" height="470" alt="Codocencia"&gt;&lt;br&gt;&lt;/p&gt;
&lt;p&gt;&lt;br&gt;&lt;/p&gt;
&lt;/div&gt;&lt;/div&gt;&lt;/section&gt;&lt;/div&gt;</htmlView><jsonProperties/><odeComponentsOrder>1</odeComponentsOrder><odeComponentsProperties><odeComponentsProperty><key>visibility</key><value>true</value></odeComponentsProperty><odeComponentsProperty><key>teacherOnly</key><value>false</value></odeComponentsProperty><odeComponentsProperty><key>identifier</key><value/></odeComponentsProperty><odeComponentsProperty><key>cssClass</key><value/></odeComponentsProperty></odeComponentsProperties></odeComponent></odeComponents></odePagStructure><odePagStructure><odePageId>20251126220622JQAAQB</odePageId><odeBlockId>20251126220622IBJNJS</odeBlockId><blockName>Contenido DUA</blockName><iconName/><odePagStructureOrder>3</odePagStructureOrder><odePagStructureProperties><odePagStructureProperty><key>visibility</key><value>true</value></odePagStructureProperty><odePagStructureProperty><key>teacherOnly</key><value>false</value></odePagStructureProperty><odePagStructureProperty><key>allowToggle</key><value>true</value></odePagStructureProperty><odePagStructureProperty><key>minimized</key><value>false</value></odePagStructureProperty><odePagStructureProperty><key>identifier</key><value/></odePagStructureProperty><odePagStructureProperty><key>cssClass</key><value/></odePagStructureProperty></odePagStructureProperties><odeComponents><odeComponent><odePageId>20251126220622JQAAQB</odePageId><odeBlockId>20251126220622IBJNJS</odeBlockId><odeIdeviceId>202511132249413812Y5</odeIdeviceId><odeIdeviceTypeName>udl-content</odeIdeviceTypeName><htmlView>&lt;div class="exe-udlContent exe-udlContent-representation"&gt;&lt;section class="exe-udlContent-block"&gt;&lt;div class="exe-udlContent-content"&gt;&lt;div class="exe-udlContent-content-main"&gt;&lt;p&gt;&lt;img src="{{context_path}}/202511132249413812Y5/Modelos_de_Codocencia__Una_Guia_Practica_-_visual_selection_2.png" title="Codocen" width="578" height="563" alt="Codocen"&gt;&lt;/p&gt;&lt;/div&gt;&lt;/div&gt;&lt;/section&gt;&lt;/div&gt;</htmlView><jsonProperties/><odeComponentsOrder>1</odeComponentsOrder><odeComponentsProperties><odeComponentsProperty><key>visibility</key><value>true</value></odeComponentsProperty><odeComponentsProperty><key>teacherOnly</key><value>false</value></odeComponentsProperty><odeComponentsProperty><key>identifier</key><value/></odeComponentsProperty><odeComponentsProperty><key>cssClass</key><value/></odeComponentsProperty></odeComponentsProperties></odeComponent></odeComponents></odePagStructure></odePagStructures></odeNavStructure><odeNavStructure><odePageId>20251126220622FKZVDT</odePageId><odeParentPageId/><pageName>Bloque 3: Planificar en codocencia</pageName><odeNavStructureOrder>4</odeNavStructureOrder><odeNavStructureProperties><odeNavStructureProperty><key>titleNode</key><value>Bloque 3: Planificar en codocencia</value></odeNavStructureProperty><odeNavStructureProperty><key>titleHtml</key><value/></odeNavStructureProperty><odeNavStructureProperty><key>editableInPage</key><value>false</value></odeNavStructureProperty><odeNavStructureProperty><key>titlePage</key><value>Bloque 3: Planificar en codocencia</value></odeNavStructureProperty><odeNavStructureProperty><key>visibility</key><value>true</value></odeNavStructureProperty><odeNavStructureProperty><key>description</key><value/></odeNavStructureProperty></odeNavStructureProperties><odePagStructures><odePagStructure><odePageId>20251126220622FKZVDT</odePageId><odeBlockId>20251126220622LTVBHZ</odeBlockId><blockName/><iconName/><odePagStructureOrder>1</odePagStructureOrder><odePagStructureProperties><odePagStructureProperty><key>visibility</key><value>true</value></odePagStructureProperty><odePagStructureProperty><key>teacherOnly</key><value>false</value></odePagStructureProperty><odePagStructureProperty><key>allowToggle</key><value>true</value></odePagStructureProperty><odePagStructureProperty><key>minimized</key><value>false</value></odePagStructureProperty><odePagStructureProperty><key>identifier</key><value/></odePagStructureProperty><odePagStructureProperty><key>cssClass</key><value/></odePagStructureProperty></odePagStructureProperties><odeComponents><odeComponent><odePageId>20251126220622FKZVDT</odePageId><odeBlockId>20251126220622LTVBHZ</odeBlockId><odeIdeviceId>202511121912569137YB</odeIdeviceId><odeIdeviceTypeName>text</odeIdeviceTypeName><htmlView>&lt;div class="exe-text-template"&gt;&lt;div class="textIdeviceContent"&gt;
            &lt;div class="exe-text-activity"&gt;
                &lt;div&gt;&lt;p&gt;La planificación es el pilar que sostiene la codocencia eficaz. No basta con compartir el aula: es necesario coordinar intenciones, estrategias y responsabilidades. Antes de entrar en clase, el equipo docente debe acordar todos los aspectos que harán posible una enseñanza coherente, inclusiva y significativa.&lt;/p&gt;
&lt;p&gt;El siguiente cuadro muestra los elementos esenciales que deben planificarse y la razón de su importancia dentro del trabajo conjunto.&lt;/p&gt;&lt;p class="clearfix"&gt;&lt;/p&gt;&lt;/div&gt;
            &lt;/div&gt;&lt;/div&gt;&lt;/div&gt;</htmlView><jsonProperties>{"ideviceId":"202511121912569137YB","textInfoDurationInput":"","textInfoDurationTextInput":"Duración","textInfoParticipantsInput":"","textInfoParticipantsTextInput":"Agrupamiento","textTextarea":"&lt;p&gt;La planificación es el pilar que sostiene la codocencia eficaz. No basta con compartir el aula: es necesario coordinar intenciones, estrategias y responsabilidades. Antes de entrar en clase, el equipo docente debe acordar todos los aspectos que harán posible una enseñanza coherente, inclusiva y significativa.&lt;/p&gt;\n&lt;p&gt;El siguiente cuadro muestra los elementos esenciales que deben planificarse y la razón de su importancia dentro del trabajo conjunto.&lt;/p&gt;","textFeedbackInput":"Mostrar retroalimentación","textFeedbackTextarea":""}</jsonProperties><odeComponentsOrder>1</odeComponentsOrder><odeComponentsProperties><odeComponentsProperty><key>visibility</key><value>true</value></odeComponentsProperty><odeComponentsProperty><key>teacherOnly</key><value>false</value></odeComponentsProperty><odeComponentsProperty><key>identifier</key><value/></odeComponentsProperty><odeComponentsProperty><key>cssClass</key><value/></odeComponentsProperty></odeComponentsProperties></odeComponent></odeComponents></odePagStructure><odePagStructure><odePageId>20251126220622FKZVDT</odePageId><odeBlockId>20251126220622RQODZA</odeBlockId><blockName>Planificación en Codocencia: Qué y Por Qué</blockName><iconName/><odePagStructureOrder>2</odePagStructureOrder><odePagStructureProperties><odePagStructureProperty><key>visibility</key><value>true</value></odePagStructureProperty><odePagStructureProperty><key>teacherOnly</key><value>false</value></odePagStructureProperty><odePagStructureProperty><key>allowToggle</key><value>true</value></odePagStructureProperty><odePagStructureProperty><key>minimized</key><value>false</value></odePagStructureProperty><odePagStructureProperty><key>identifier</key><value/></odePagStructureProperty><odePagStructureProperty><key>cssClass</key><value/></odePagStructureProperty></odePagStructureProperties><odeComponents><odeComponent><odePageId>20251126220622FKZVDT</odePageId><odeBlockId>20251126220622RQODZA</odeBlockId><odeIdeviceId>20251113214507161L2K</odeIdeviceId><odeIdeviceTypeName>text</odeIdeviceTypeName><htmlView>&lt;div class="exe-text-template"&gt;&lt;div class="textIdeviceContent"&gt;
            &lt;div class="exe-text-activity"&gt;
                &lt;div&gt;&lt;p&gt;&lt;br&gt;&lt;/p&gt;
&lt;p&gt;&lt;img src="{{context_path}}/20251113214507161L2K/Captura_de_pantalla_2025-11-13_a_las_21.46.56.png" title="Planificación en codocencia" width="1350" height="849" alt="Planificación en codocencia"&gt;&lt;/p&gt;
&lt;p&gt;&lt;br&gt;&lt;/p&gt;&lt;p class="clearfix"&gt;&lt;/p&gt;&lt;/div&gt;
            &lt;/div&gt;&lt;/div&gt;&lt;/div&gt;</htmlView><jsonProperties>{"ideviceId":"20251113214507161L2K","textInfoDurationInput":"","textInfoDurationTextInput":"Duración","textInfoParticipantsInput":"","textInfoParticipantsTextInput":"Agrupamiento","textTextarea":"&lt;p&gt;&lt;br /&gt;&lt;/p&gt;\n&lt;p&gt;&lt;img src=\"{{context_path}}/20251113214507161L2K/Captura_de_pantalla_2025-11-13_a_las_21.46.56.png\" title=\"Planificación en codocencia\" width=\"1350\" height=\"849\" alt=\"Planificación en codocencia\" /&gt;&lt;/p&gt;\n&lt;p&gt;&lt;br /&gt;&lt;/p&gt;","textFeedbackInput":"Mostrar retroalimentación","textFeedbackTextarea":""}</jsonProperties><odeComponentsOrder>1</odeComponentsOrder><odeComponentsProperties><odeComponentsProperty><key>visibility</key><value>true</value></odeComponentsProperty><odeComponentsProperty><key>teacherOnly</key><value>false</value></odeComponentsProperty><odeComponentsProperty><key>identifier</key><value/></odeComponentsProperty><odeComponentsProperty><key>cssClass</key><value/></odeComponentsProperty></odeComponentsProperties></odeComponent></odeComponents></odePagStructure><odePagStructure><odePageId>20251126220622FKZVDT</odePageId><odeBlockId>20251126220622JNGTZY</odeBlockId><blockName/><iconName/><odePagStructureOrder>3</odePagStructureOrder><odePagStructureProperties><odePagStructureProperty><key>visibility</key><value>true</value></odePagStructureProperty><odePagStructureProperty><key>teacherOnly</key><value>false</value></odePagStructureProperty><odePagStructureProperty><key>allowToggle</key><value>true</value></odePagStructureProperty><odePagStructureProperty><key>minimized</key><value>false</value></odePagStructureProperty><odePagStructureProperty><key>identifier</key><value/></odePagStructureProperty><odePagStructureProperty><key>cssClass</key><value/></odePagStructureProperty></odePagStructureProperties><odeComponents><odeComponent><odePageId>20251126220622FKZVDT</odePageId><odeBlockId>20251126220622JNGTZY</odeBlockId><odeIdeviceId>20251113215209133E28</odeIdeviceId><odeIdeviceTypeName>text</odeIdeviceTypeName><htmlView>&lt;div class="exe-text-template"&gt;&lt;div class="textIdeviceContent"&gt;
            &lt;div class="exe-text-activity"&gt;
                &lt;div&gt;&lt;h6&gt;&lt;strong&gt;Planificar en codocencia no solo mejora el aprendizaje del alumnado, sino que también enriquece la práctica profesional, fomenta la innovación y fortalece la colaboración docente.&lt;/strong&gt;&lt;/h6&gt;&lt;p class="clearfix"&gt;&lt;/p&gt;&lt;/div&gt;
            &lt;/div&gt;&lt;/div&gt;&lt;/div&gt;</htmlView><jsonProperties>{"ideviceId":"20251113215209133E28","textInfoDurationInput":"","textInfoDurationTextInput":"Duración","textInfoParticipantsInput":"","textInfoParticipantsTextInput":"Agrupamiento","textTextarea":"&lt;h6&gt;&lt;strong&gt;Planificar en codocencia no solo mejora el aprendizaje del alumnado, sino que también enriquece la práctica profesional, fomenta la innovación y fortalece la colaboración docente.&lt;/strong&gt;&lt;/h6&gt;","textFeedbackInput":"Mostrar retroalimentación","textFeedbackTextarea":""}</jsonProperties><odeComponentsOrder>1</odeComponentsOrder><odeComponentsProperties><odeComponentsProperty><key>visibility</key><value>true</value></odeComponentsProperty><odeComponentsProperty><key>teacherOnly</key><value>false</value></odeComponentsProperty><odeComponentsProperty><key>identifier</key><value/></odeComponentsProperty><odeComponentsProperty><key>cssClass</key><value/></odeComponentsProperty></odeComponentsProperties></odeComponent></odeComponents></odePagStructure></odePagStructures></odeNavStructure><odeNavStructure><odePageId>20251126220622XXJIFB</odePageId><odeParentPageId/><pageName>Bloque 4: Evaluar en codocencia</pageName><odeNavStructureOrder>5</odeNavStructureOrder><odeNavStructureProperties><odeNavStructureProperty><key>titleNode</key><value/></odeNavStructureProperty><odeNavStructureProperty><key>titleHtml</key><value/></odeNavStructureProperty><odeNavStructureProperty><key>editableInPage</key><value>false</value></odeNavStructureProperty><odeNavStructureProperty><key>titlePage</key><value>Bloque 4: Evaluar en codocencia</value></odeNavStructureProperty><odeNavStructureProperty><key>visibility</key><value>true</value></odeNavStructureProperty><odeNavStructureProperty><key>description</key><value/></odeNavStructureProperty></odeNavStructureProperties><odePagStructures><odePagStructure><odePageId>20251126220622XXJIFB</odePageId><odeBlockId>20251126220622QEJAXF</odeBlockId><blockName/><iconName/><odePagStructureOrder>1</odePagStructureOrder><odePagStructureProperties><odePagStructureProperty><key>visibility</key><value>true</value></odePagStructureProperty><odePagStructureProperty><key>teacherOnly</key><value>false</value></odePagStructureProperty><odePagStructureProperty><key>allowToggle</key><value>true</value></odePagStructureProperty><odePagStructureProperty><key>minimized</key><value>false</value></odePagStructureProperty><odePagStructureProperty><key>identifier</key><value/></odePagStructureProperty><odePagStructureProperty><key>cssClass</key><value/></odePagStructureProperty></odePagStructureProperties><odeComponents><odeComponent><odePageId>20251126220622XXJIFB</odePageId><odeBlockId>20251126220622QEJAXF</odeBlockId><odeIdeviceId>20251112191301189PYN</odeIdeviceId><odeIdeviceTypeName>text</odeIdeviceTypeName><htmlView>&lt;div class="exe-text-template"&gt;&lt;div class="textIdeviceContent"&gt;
            &lt;div class="exe-text-activity"&gt;
                &lt;div&gt;&lt;p&gt;La evaluación en codocencia no se limita a medir resultados: es un proceso compartido de reflexión y mejora continua. Al contar con dos miradas complementarias, el equipo docente puede obtener una visión más completa y profunda tanto del aprendizaje del alumnado como de la propia práctica docente.&lt;/p&gt;
&lt;p&gt;El siguiente cuadro resume qué se debe evaluar, cómo hacerlo y por qué resulta clave dentro del trabajo cooperativo entre docentes.&lt;/p&gt;&lt;p class="clearfix"&gt;&lt;/p&gt;&lt;/div&gt;
            &lt;/div&gt;&lt;/div&gt;&lt;/div&gt;</htmlView><jsonProperties>{"ideviceId":"20251112191301189PYN","textInfoDurationInput":"","textInfoDurationTextInput":"Duración","textInfoParticipantsInput":"","textInfoParticipantsTextInput":"Agrupamiento","textTextarea":"&lt;p&gt;La evaluación en codocencia no se limita a medir resultados: es un proceso compartido de reflexión y mejora continua. Al contar con dos miradas complementarias, el equipo docente puede obtener una visión más completa y profunda tanto del aprendizaje del alumnado como de la propia práctica docente.&lt;/p&gt;\n&lt;p&gt;El siguiente cuadro resume qué se debe evaluar, cómo hacerlo y por qué resulta clave dentro del trabajo cooperativo entre docentes.&lt;/p&gt;","textFeedbackInput":"Mostrar retroalimentación","textFeedbackTextarea":""}</jsonProperties><odeComponentsOrder>1</odeComponentsOrder><odeComponentsProperties><odeComponentsProperty><key>visibility</key><value>true</value></odeComponentsProperty><odeComponentsProperty><key>teacherOnly</key><value>false</value></odeComponentsProperty><odeComponentsProperty><key>identifier</key><value/></odeComponentsProperty><odeComponentsProperty><key>cssClass</key><value/></odeComponentsProperty></odeComponentsProperties></odeComponent></odeComponents></odePagStructure><odePagStructure><odePageId>20251126220622XXJIFB</odePageId><odeBlockId>20251126220622JHBWRF</odeBlockId><blockName>Evaluar en Codocencia: Qué, Cómo y Por Qué</blockName><iconName/><odePagStructureOrder>2</odePagStructureOrder><odePagStructureProperties><odePagStructureProperty><key>visibility</key><value>true</value></odePagStructureProperty><odePagStructureProperty><key>teacherOnly</key><value>false</value></odePagStructureProperty><odePagStructureProperty><key>allowToggle</key><value>true</value></odePagStructureProperty><odePagStructureProperty><key>minimized</key><value>false</value></odePagStructureProperty><odePagStructureProperty><key>identifier</key><value/></odePagStructureProperty><odePagStructureProperty><key>cssClass</key><value/></odePagStructureProperty></odePagStructureProperties><odeComponents><odeComponent><odePageId>20251126220622XXJIFB</odePageId><odeBlockId>20251126220622JHBWRF</odeBlockId><odeIdeviceId>20251113215709106F7Y</odeIdeviceId><odeIdeviceTypeName>text</odeIdeviceTypeName><htmlView>&lt;div class="exe-text-template"&gt;&lt;div class="textIdeviceContent"&gt;
            &lt;div class="exe-text-activity"&gt;
                &lt;div&gt;&lt;p&gt;&lt;img src="{{context_path}}/20251113215709106F7Y/Captura_de_pantalla_2025-11-13_a_las_21.58.24.png" title="Evaluar " width="1327" height="771" alt="Evaluar"&gt;&lt;/p&gt;&lt;p class="clearfix"&gt;&lt;/p&gt;&lt;/div&gt;
            &lt;/div&gt;&lt;/div&gt;&lt;/div&gt;</htmlView><jsonProperties>{"ideviceId":"20251113215709106F7Y","textInfoDurationInput":"","textInfoDurationTextInput":"Duración","textInfoParticipantsInput":"","textInfoParticipantsTextInput":"Agrupamiento","textTextarea":"&lt;p&gt;&lt;img src=\"{{context_path}}/20251113215709106F7Y/Captura_de_pantalla_2025-11-13_a_las_21.58.24.png\" title=\"Evaluar \" width=\"1327\" height=\"771\" alt=\"Evaluar\" /&gt;&lt;/p&gt;","textFeedbackInput":"Mostrar retroalimentación","textFeedbackTextarea":""}</jsonProperties><odeComponentsOrder>1</odeComponentsOrder><odeComponentsProperties><odeComponentsProperty><key>visibility</key><value>true</value></odeComponentsProperty><odeComponentsProperty><key>teacherOnly</key><value>false</value></odeComponentsProperty><odeComponentsProperty><key>identifier</key><value/></odeComponentsProperty><odeComponentsProperty><key>cssClass</key><value/></odeComponentsProperty></odeComponentsProperties></odeComponent></odeComponents></odePagStructure><odePagStructure><odePageId>20251126220622XXJIFB</odePageId><odeBlockId>20251126220622JZSUWL</odeBlockId><blockName/><iconName/><odePagStructureOrder>3</odePagStructureOrder><odePagStructureProperties><odePagStructureProperty><key>visibility</key><value>true</value></odePagStructureProperty><odePagStructureProperty><key>teacherOnly</key><value>false</value></odePagStructureProperty><odePagStructureProperty><key>allowToggle</key><value>true</value></odePagStructureProperty><odePagStructureProperty><key>minimized</key><value>false</value></odePagStructureProperty><odePagStructureProperty><key>identifier</key><value/></odePagStructureProperty><odePagStructureProperty><key>cssClass</key><value/></odePagStructureProperty></odePagStructureProperties><odeComponents><odeComponent><odePageId>20251126220622XXJIFB</odePageId><odeBlockId>20251126220622JZSUWL</odeBlockId><odeIdeviceId>20251113220016473SRZ</odeIdeviceId><odeIdeviceTypeName>text</odeIdeviceTypeName><htmlView>&lt;div class="exe-text-template"&gt;&lt;div class="textIdeviceContent"&gt;
            &lt;div class="exe-text-activity"&gt;
                &lt;div&gt;&lt;p&gt;Evaluar en codocencia implica aprender juntos sobre la enseñanza y el aprendizaje.&lt;br&gt;Supone ir más allá de la simple calificación para transformar la evaluación en una herramienta de crecimiento profesional, colaboración y mejora educativa.&lt;br&gt;Cuando ambos docentes analizan, dialogan y toman decisiones de manera conjunta, la evaluación se convierte en un verdadero motor de innovación y calidad educativa.&lt;/p&gt;&lt;p class="clearfix"&gt;&lt;/p&gt;&lt;/div&gt;
            &lt;/div&gt;&lt;/div&gt;&lt;/div&gt;</htmlView><jsonProperties>{"ideviceId":"20251113220016473SRZ","textInfoDurationInput":"","textInfoDurationTextInput":"Duración","textInfoParticipantsInput":"","textInfoParticipantsTextInput":"Agrupamiento","textTextarea":"&lt;p&gt;Evaluar en codocencia implica aprender juntos sobre la enseñanza y el aprendizaje.&lt;br /&gt;Supone ir más allá de la simple calificación para transformar la evaluación en una herramienta de crecimiento profesional, colaboración y mejora educativa.&lt;br /&gt;Cuando ambos docentes analizan, dialogan y toman decisiones de manera conjunta, la evaluación se convierte en un verdadero motor de innovación y calidad educativa.&lt;/p&gt;","textFeedbackInput":"Mostrar retroalimentación","textFeedbackTextarea":""}</jsonProperties><odeComponentsOrder>1</odeComponentsOrder><odeComponentsProperties><odeComponentsProperty><key>visibility</key><value>true</value></odeComponentsProperty><odeComponentsProperty><key>teacherOnly</key><value>false</value></odeComponentsProperty><odeComponentsProperty><key>identifier</key><value/></odeComponentsProperty><odeComponentsProperty><key>cssClass</key><value/></odeComponentsProperty></odeComponentsProperties></odeComponent></odeComponents></odePagStructure></odePagStructures></odeNavStructure><odeNavStructure><odePageId>20251126220622RCIYZH</odePageId><odeParentPageId/><pageName>Bloque 5: Experiencias reales</pageName><odeNavStructureOrder>6</odeNavStructureOrder><odeNavStructureProperties><odeNavStructureProperty><key>titleNode</key><value/></odeNavStructureProperty><odeNavStructureProperty><key>titleHtml</key><value/></odeNavStructureProperty><odeNavStructureProperty><key>editableInPage</key><value>false</value></odeNavStructureProperty><odeNavStructureProperty><key>titlePage</key><value>Bloque 5: Experiencias reales</value></odeNavStructureProperty><odeNavStructureProperty><key>visibility</key><value>true</value></odeNavStructureProperty><odeNavStructureProperty><key>description</key><value/></odeNavStructureProperty></odeNavStructureProperties><odePagStructures><odePagStructure><odePageId>20251126220622RCIYZH</odePageId><odeBlockId>20251126220622TRNSEC</odeBlockId><blockName/><iconName/><odePagStructureOrder>1</odePagStructureOrder><odePagStructureProperties><odePagStructureProperty><key>visibility</key><value>true</value></odePagStructureProperty><odePagStructureProperty><key>teacherOnly</key><value>false</value></odePagStructureProperty><odePagStructureProperty><key>allowToggle</key><value>true</value></odePagStructureProperty><odePagStructureProperty><key>minimized</key><value>false</value></odePagStructureProperty><odePagStructureProperty><key>identifier</key><value/></odePagStructureProperty><odePagStructureProperty><key>cssClass</key><value/></odePagStructureProperty></odePagStructureProperties><odeComponents><odeComponent><odePageId>20251126220622RCIYZH</odePageId><odeBlockId>20251126220622TRNSEC</odeBlockId><odeIdeviceId>20251112191304804E3N</odeIdeviceId><odeIdeviceTypeName>text</odeIdeviceTypeName><htmlView>&lt;div class="exe-text-template"&gt;&lt;div class="textIdeviceContent"&gt;
            &lt;div class="exe-text-activity"&gt;
                &lt;div&gt;&lt;p&gt;La codocencia se puede aplicar de muchas formas según el contexto, el alumnado y los objetivos. A continuación, se presentan algunos ejemplos reales y variados que ilustran cómo dos docentes pueden colaborar de manera efectiva en el aula.&lt;/p&gt;&lt;p class="clearfix"&gt;&lt;/p&gt;&lt;/div&gt;
            &lt;/div&gt;&lt;/div&gt;&lt;/div&gt;</htmlView><jsonProperties>{"ideviceId":"20251112191304804E3N","textInfoDurationInput":"","textInfoDurationTextInput":"Duración","textInfoParticipantsInput":"","textInfoParticipantsTextInput":"Agrupamiento","textTextarea":"&lt;p&gt;La codocencia se puede aplicar de muchas formas según el contexto, el alumnado y los objetivos. A continuación, se presentan algunos ejemplos reales y variados que ilustran cómo dos docentes pueden colaborar de manera efectiva en el aula.&lt;/p&gt;","textFeedbackInput":"Mostrar retroalimentación","textFeedbackTextarea":""}</jsonProperties><odeComponentsOrder>1</odeComponentsOrder><odeComponentsProperties><odeComponentsProperty><key>visibility</key><value>true</value></odeComponentsProperty><odeComponentsProperty><key>teacherOnly</key><value>false</value></odeComponentsProperty><odeComponentsProperty><key>identifier</key><value/></odeComponentsProperty><odeComponentsProperty><key>cssClass</key><value/></odeComponentsProperty></odeComponentsProperties></odeComponent></odeComponents></odePagStructure><odePagStructure><odePageId>20251126220622RCIYZH</odePageId><odeBlockId>20251126220622XQYRHA</odeBlockId><blockName>Caso 1: Docencia compartida en Lengua y Literatura</blockName><iconName/><odePagStructureOrder>2</odePagStructureOrder><odePagStructureProperties><odePagStructureProperty><key>visibility</key><value>true</value></odePagStructureProperty><odePagStructureProperty><key>teacherOnly</key><value>false</value></odePagStructureProperty><odePagStructureProperty><key>allowToggle</key><value>true</value></odePagStructureProperty><odePagStructureProperty><key>minimized</key><value>false</value></odePagStructureProperty><odePagStructureProperty><key>identifier</key><value/></odePagStructureProperty><odePagStructureProperty><key>cssClass</key><value/></odePagStructureProperty></odePagStructureProperties><odeComponents><odeComponent><odePageId>20251126220622RCIYZH</odePageId><odeBlockId>20251126220622XQYRHA</odeBlockId><odeIdeviceId>20251113220337741W39</odeIdeviceId><odeIdeviceTypeName>text</odeIdeviceTypeName><htmlView>&lt;div class="exe-text-template"&gt;&lt;div class="textIdeviceContent"&gt;
            &lt;div class="exe-text-activity"&gt;
                &lt;div&gt;&lt;p&gt;&lt;strong&gt;Contexto&lt;/strong&gt;: 2.º de ESO – 25 alumnos/as&lt;br&gt;&lt;strong&gt;Modelo&lt;/strong&gt;: Team teaching (enseñanza en equipo)&lt;br&gt;&lt;strong&gt;Descripción&lt;/strong&gt;:&lt;br&gt;Dos docentes de Lengua trabajan juntos para desarrollar un proyecto de escritura creativa. Ambos planifican las actividades, se reparten las intervenciones y corrigen de forma conjunta los textos del alumnado. Durante las sesiones, uno guía la escritura mientras el otro apoya a grupos con dificultades o propone desafíos adicionales.&lt;br&gt;&lt;strong&gt;Resultado&lt;/strong&gt;: mejora notable de la participación, mayor atención individualizada y enriquecimiento metodológico.&lt;/p&gt;&lt;p class="clearfix"&gt;&lt;/p&gt;&lt;/div&gt;
            &lt;/div&gt;&lt;/div&gt;&lt;/div&gt;</htmlView><jsonProperties>{"ideviceId":"20251113220337741W39","textInfoDurationInput":"","textInfoDurationTextInput":"Duración","textInfoParticipantsInput":"","textInfoParticipantsTextInput":"Agrupamiento","textTextarea":"&lt;p&gt;&lt;strong&gt;Contexto&lt;/strong&gt;: 2.º de ESO – 25 alumnos/as&lt;br /&gt;&lt;strong&gt;Modelo&lt;/strong&gt;: Team teaching (enseñanza en equipo)&lt;br /&gt;&lt;strong&gt;Descripción&lt;/strong&gt;:&lt;br /&gt;Dos docentes de Lengua trabajan juntos para desarrollar un proyecto de escritura creativa. Ambos planifican las actividades, se reparten las intervenciones y corrigen de forma conjunta los textos del alumnado. Durante las sesiones, uno guía la escritura mientras el otro apoya a grupos con dificultades o propone desafíos adicionales.&lt;br /&gt;&lt;strong&gt;Resultado&lt;/strong&gt;: mejora notable de la participación, mayor atención individualizada y enriquecimiento metodológico.&lt;/p&gt;","textFeedbackInput":"Mostrar retroalimentación","textFeedbackTextarea":""}</jsonProperties><odeComponentsOrder>1</odeComponentsOrder><odeComponentsProperties><odeComponentsProperty><key>visibility</key><value>true</value></odeComponentsProperty><odeComponentsProperty><key>teacherOnly</key><value>false</value></odeComponentsProperty><odeComponentsProperty><key>identifier</key><value/></odeComponentsProperty><odeComponentsProperty><key>cssClass</key><value/></odeComponentsProperty></odeComponentsProperties></odeComponent></odeComponents></odePagStructure><odePagStructure><odePageId>20251126220622RCIYZH</odePageId><odeBlockId>20251126220622DITYEK</odeBlockId><blockName>Caso 2: Codocencia en Matemáticas</blockName><iconName/><odePagStructureOrder>3</odePagStructureOrder><odePagStructureProperties><odePagStructureProperty><key>visibility</key><value>true</value></odePagStructureProperty><odePagStructureProperty><key>teacherOnly</key><value>false</value></odePagStructureProperty><odePagStructureProperty><key>allowToggle</key><value>true</value></odePagStructureProperty><odePagStructureProperty><key>minimized</key><value>false</value></odePagStructureProperty><odePagStructureProperty><key>identifier</key><value/></odePagStructureProperty><odePagStructureProperty><key>cssClass</key><value/></odePagStructureProperty></odePagStructureProperties><odeComponents><odeComponent><odePageId>20251126220622RCIYZH</odePageId><odeBlockId>20251126220622DITYEK</odeBlockId><odeIdeviceId>202511132205070244XS</odeIdeviceId><odeIdeviceTypeName>text</odeIdeviceTypeName><htmlView>&lt;div class="exe-text-template"&gt;&lt;div class="textIdeviceContent"&gt;
            &lt;div class="exe-text-activity"&gt;
                &lt;div&gt;&lt;p&gt;&lt;strong&gt;Contexto&lt;/strong&gt;: 5.º de Primaria – grupo diverso en niveles de competencia.&lt;br&gt;&lt;strong&gt;Modelo&lt;/strong&gt;: Enseñanza en estaciones&lt;br&gt;&lt;strong&gt;Descripción&lt;/strong&gt;:&lt;br&gt;El aula se organiza en tres estaciones: cálculo, problemas y juegos de lógica. Cada docente atiende una estación mientras los grupos rotan cada 15 minutos. En una tercera estación, los alumnos trabajan de forma autónoma con materiales manipulativos.&lt;br&gt;&lt;strong&gt;Resultado&lt;/strong&gt;: aumento del interés, mejora en la comprensión de conceptos abstractos y mejor gestión de la diversidad.&lt;/p&gt;&lt;p class="clearfix"&gt;&lt;/p&gt;&lt;/div&gt;
            &lt;/div&gt;&lt;/div&gt;&lt;/div&gt;</htmlView><jsonProperties>{"ideviceId":"202511132205070244XS","textInfoDurationInput":"","textInfoDurationTextInput":"Duración","textInfoParticipantsInput":"","textInfoParticipantsTextInput":"Agrupamiento","textTextarea":"&lt;p&gt;&lt;strong&gt;Contexto&lt;/strong&gt;: 5.º de Primaria – grupo diverso en niveles de competencia.&lt;br /&gt;&lt;strong&gt;Modelo&lt;/strong&gt;: Enseñanza en estaciones&lt;br /&gt;&lt;strong&gt;Descripción&lt;/strong&gt;:&lt;br /&gt;El aula se organiza en tres estaciones: cálculo, problemas y juegos de lógica. Cada docente atiende una estación mientras los grupos rotan cada 15 minutos. En una tercera estación, los alumnos trabajan de forma autónoma con materiales manipulativos.&lt;br /&gt;&lt;strong&gt;Resultado&lt;/strong&gt;: aumento del interés, mejora en la comprensión de conceptos abstractos y mejor gestión de la diversidad.&lt;/p&gt;","textFeedbackInput":"Mostrar retroalimentación","textFeedbackTextarea":""}</jsonProperties><odeComponentsOrder>1</odeComponentsOrder><odeComponentsProperties><odeComponentsProperty><key>visibility</key><value>true</value></odeComponentsProperty><odeComponentsProperty><key>teacherOnly</key><value>false</value></odeComponentsProperty><odeComponentsProperty><key>identifier</key><value/></odeComponentsProperty><odeComponentsProperty><key>cssClass</key><value/></odeComponentsProperty></odeComponentsProperties></odeComponent></odeComponents></odePagStructure><odePagStructure><odePageId>20251126220622RCIYZH</odePageId><odeBlockId>20251126220622IVGQVA</odeBlockId><blockName>Caso 3: Codocencia en Ciencias Sociales e Inglés</blockName><iconName/><odePagStructureOrder>4</odePagStructureOrder><odePagStructureProperties><odePagStructureProperty><key>visibility</key><value>true</value></odePagStructureProperty><odePagStructureProperty><key>teacherOnly</key><value>false</value></odePagStructureProperty><odePagStructureProperty><key>allowToggle</key><value>true</value></odePagStructureProperty><odePagStructureProperty><key>minimized</key><value>false</value></odePagStructureProperty><odePagStructureProperty><key>identifier</key><value/></odePagStructureProperty><odePagStructureProperty><key>cssClass</key><value/></odePagStructureProperty></odePagStructureProperties><odeComponents><odeComponent><odePageId>20251126220622RCIYZH</odePageId><odeBlockId>20251126220622IVGQVA</odeBlockId><odeIdeviceId>20251113220710760QAE</odeIdeviceId><odeIdeviceTypeName>text</odeIdeviceTypeName><htmlView>&lt;div class="exe-text-template"&gt;&lt;div class="textIdeviceContent"&gt;
            &lt;div class="exe-text-activity"&gt;
                &lt;div&gt;&lt;p&gt;&lt;strong&gt;Contexto&lt;/strong&gt;: 1.º de ESO – proyecto bilingüe.&lt;br&gt;&lt;strong&gt;Modelo&lt;/strong&gt;: Enseñanza paralela&lt;br&gt;&lt;strong&gt;Descripción&lt;/strong&gt;:&lt;br&gt;Los grupos se dividen en dos mitades: uno trabaja con el docente de Ciencias Sociales en español, y el otro con el de Inglés, abordando el mismo contenido. Al finalizar, se intercambian los grupos y se realiza una puesta en común.&lt;br&gt;&lt;strong&gt;Resultado&lt;/strong&gt;: mejora en la competencia lingüística y en la comprensión de los contenidos de la materia.&lt;/p&gt;&lt;p class="clearfix"&gt;&lt;/p&gt;&lt;/div&gt;
            &lt;/div&gt;&lt;/div&gt;&lt;/div&gt;</htmlView><jsonProperties>{"ideviceId":"20251113220710760QAE","textInfoDurationInput":"","textInfoDurationTextInput":"Duración","textInfoParticipantsInput":"","textInfoParticipantsTextInput":"Agrupamiento","textTextarea":"&lt;p&gt;&lt;strong&gt;Contexto&lt;/strong&gt;: 1.º de ESO – proyecto bilingüe.&lt;br /&gt;&lt;strong&gt;Modelo&lt;/strong&gt;: Enseñanza paralela&lt;br /&gt;&lt;strong&gt;Descripción&lt;/strong&gt;:&lt;br /&gt;Los grupos se dividen en dos mitades: uno trabaja con el docente de Ciencias Sociales en español, y el otro con el de Inglés, abordando el mismo contenido. Al finalizar, se intercambian los grupos y se realiza una puesta en común.&lt;br /&gt;&lt;strong&gt;Resultado&lt;/strong&gt;: mejora en la competencia lingüística y en la comprensión de los contenidos de la materia.&lt;/p&gt;","textFeedbackInput":"Mostrar retroalimentación","textFeedbackTextarea":""}</jsonProperties><odeComponentsOrder>1</odeComponentsOrder><odeComponentsProperties><odeComponentsProperty><key>visibility</key><value>true</value></odeComponentsProperty><odeComponentsProperty><key>teacherOnly</key><value>false</value></odeComponentsProperty><odeComponentsProperty><key>identifier</key><value/></odeComponentsProperty><odeComponentsProperty><key>cssClass</key><value/></odeComponentsProperty></odeComponentsProperties></odeComponent></odeComponents></odePagStructure><odePagStructure><odePageId>20251126220622RCIYZH</odePageId><odeBlockId>20251126220622IDTAFD</odeBlockId><blockName>Caso 4: Docencia compartida para la inclusión</blockName><iconName/><odePagStructureOrder>5</odePagStructureOrder><odePagStructureProperties><odePagStructureProperty><key>visibility</key><value>true</value></odePagStructureProperty><odePagStructureProperty><key>teacherOnly</key><value>false</value></odePagStructureProperty><odePagStructureProperty><key>allowToggle</key><value>true</value></odePagStructureProperty><odePagStructureProperty><key>minimized</key><value>false</value></odePagStructureProperty><odePagStructureProperty><key>identifier</key><value/></odePagStructureProperty><odePagStructureProperty><key>cssClass</key><value/></odePagStructureProperty></odePagStructureProperties><odeComponents><odeComponent><odePageId>20251126220622RCIYZH</odePageId><odeBlockId>20251126220622IDTAFD</odeBlockId><odeIdeviceId>20251113220757862UJ2</odeIdeviceId><odeIdeviceTypeName>text</odeIdeviceTypeName><htmlView>&lt;div class="exe-text-template"&gt;&lt;div class="textIdeviceContent"&gt;
            &lt;div class="exe-text-activity"&gt;
                &lt;div&gt;&lt;p&gt;&lt;strong&gt;Contexto&lt;/strong&gt;: Aula ordinaria con alumnado NEAE (Necesidades Específicas de Apoyo Educativo).&lt;br&gt;&lt;strong&gt;Modelo&lt;/strong&gt;: Un docente lidera y otro apoya&lt;br&gt;&lt;strong&gt;Descripción&lt;/strong&gt;:&lt;br&gt;El docente de aula desarrolla la sesión mientras el especialista en PT o AL apoya individualmente o en pequeños grupos. Ambos coordinan las adaptaciones y la evaluación.&lt;br&gt;&lt;strong&gt;Resultado&lt;/strong&gt;: mayor inclusión, mejora del clima de aula y del progreso del alumnado con necesidades educativas.&lt;/p&gt;&lt;p class="clearfix"&gt;&lt;/p&gt;&lt;/div&gt;
            &lt;/div&gt;&lt;/div&gt;&lt;/div&gt;</htmlView><jsonProperties>{"ideviceId":"20251113220757862UJ2","textInfoDurationInput":"","textInfoDurationTextInput":"Duración","textInfoParticipantsInput":"","textInfoParticipantsTextInput":"Agrupamiento","textTextarea":"&lt;p&gt;&lt;strong&gt;Contexto&lt;/strong&gt;: Aula ordinaria con alumnado NEAE (Necesidades Específicas de Apoyo Educativo).&lt;br /&gt;&lt;strong&gt;Modelo&lt;/strong&gt;: Un docente lidera y otro apoya&lt;br /&gt;&lt;strong&gt;Descripción&lt;/strong&gt;:&lt;br /&gt;El docente de aula desarrolla la sesión mientras el especialista en PT o AL apoya individualmente o en pequeños grupos. Ambos coordinan las adaptaciones y la evaluación.&lt;br /&gt;&lt;strong&gt;Resultado&lt;/strong&gt;: mayor inclusión, mejora del clima de aula y del progreso del alumnado con necesidades educativas.&lt;/p&gt;","textFeedbackInput":"Mostrar retroalimentación","textFeedbackTextarea":""}</jsonProperties><odeComponentsOrder>1</odeComponentsOrder><odeComponentsProperties><odeComponentsProperty><key>visibility</key><value>true</value></odeComponentsProperty><odeComponentsProperty><key>teacherOnly</key><value>false</value></odeComponentsProperty><odeComponentsProperty><key>identifier</key><value/></odeComponentsProperty><odeComponentsProperty><key>cssClass</key><value/></odeComponentsProperty></odeComponentsProperties></odeComponent></odeComponents></odePagStructure><odePagStructure><odePageId>20251126220622RCIYZH</odePageId><odeBlockId>20251126220622GDEEFS</odeBlockId><blockName/><iconName/><odePagStructureOrder>6</odePagStructureOrder><odePagStructureProperties><odePagStructureProperty><key>visibility</key><value>true</value></odePagStructureProperty><odePagStructureProperty><key>teacherOnly</key><value>false</value></odePagStructureProperty><odePagStructureProperty><key>allowToggle</key><value>true</value></odePagStructureProperty><odePagStructureProperty><key>minimized</key><value>false</value></odePagStructureProperty><odePagStructureProperty><key>identifier</key><value/></odePagStructureProperty><odePagStructureProperty><key>cssClass</key><value/></odePagStructureProperty></odePagStructureProperties><odeComponents><odeComponent><odePageId>20251126220622RCIYZH</odePageId><odeBlockId>20251126220622GDEEFS</odeBlockId><odeIdeviceId>20251113220858814G4S</odeIdeviceId><odeIdeviceTypeName>text</odeIdeviceTypeName><htmlView>&lt;div class="exe-text-template"&gt;&lt;div class="textIdeviceContent"&gt;
            &lt;div class="exe-text-activity"&gt;
                &lt;div&gt;&lt;p&gt;Estos casos muestran que &lt;strong&gt;no existe una única forma de hacer codocencia&lt;/strong&gt;, sino múltiples posibilidades según los recursos, los objetivos y las necesidades del alumnado.&lt;br&gt;La clave está en la &lt;strong&gt;planificación conjunta, la comunicación constante y la confianza mutua &lt;/strong&gt;entre los docentes.&lt;/p&gt;&lt;p class="clearfix"&gt;&lt;/p&gt;&lt;/div&gt;
            &lt;/div&gt;&lt;/div&gt;&lt;/div&gt;</htmlView><jsonProperties>{"ideviceId":"20251113220858814G4S","textInfoDurationInput":"","textInfoDurationTextInput":"Duración","textInfoParticipantsInput":"","textInfoParticipantsTextInput":"Agrupamiento","textTextarea":"&lt;p&gt;Estos casos muestran que &lt;strong&gt;no existe una única forma de hacer codocencia&lt;/strong&gt;, sino múltiples posibilidades según los recursos, los objetivos y las necesidades del alumnado.&lt;br /&gt;La clave está en la &lt;strong&gt;planificación conjunta, la comunicación constante y la confianza mutua &lt;/strong&gt;entre los docentes.&lt;/p&gt;","textFeedbackInput":"Mostrar retroalimentación","textFeedbackTextarea":""}</jsonProperties><odeComponentsOrder>1</odeComponentsOrder><odeComponentsProperties><odeComponentsProperty><key>visibility</key><value>true</value></odeComponentsProperty><odeComponentsProperty><key>teacherOnly</key><value>false</value></odeComponentsProperty><odeComponentsProperty><key>identifier</key><value/></odeComponentsProperty><odeComponentsProperty><key>cssClass</key><value/></odeComponentsProperty></odeComponentsProperties></odeComponent></odeComponents></odePagStructure></odePagStructures></odeNavStructure><odeNavStructure><odePageId>20251126220622UNQFQR</odePageId><odeParentPageId/><pageName>Bloque final: Reflexión y cierre</pageName><odeNavStructureOrder>7</odeNavStructureOrder><odeNavStructureProperties><odeNavStructureProperty><key>titleNode</key><value/></odeNavStructureProperty><odeNavStructureProperty><key>titleHtml</key><value/></odeNavStructureProperty><odeNavStructureProperty><key>editableInPage</key><value>false</value></odeNavStructureProperty><odeNavStructureProperty><key>titlePage</key><value>Bloque final: Reflexión y cierre</value></odeNavStructureProperty><odeNavStructureProperty><key>visibility</key><value>true</value></odeNavStructureProperty><odeNavStructureProperty><key>description</key><value/></odeNavStructureProperty></odeNavStructureProperties><odePagStructures><odePagStructure><odePageId>20251126220622UNQFQR</odePageId><odeBlockId>20251126220622ZAQTCN</odeBlockId><blockName/><iconName/><odePagStructureOrder>1</odePagStructureOrder><odePagStructureProperties><odePagStructureProperty><key>visibility</key><value>true</value></odePagStructureProperty><odePagStructureProperty><key>teacherOnly</key><value>false</value></odePagStructureProperty><odePagStructureProperty><key>allowToggle</key><value>true</value></odePagStructureProperty><odePagStructureProperty><key>minimized</key><value>false</value></odePagStructureProperty><odePagStructureProperty><key>identifier</key><value/></odePagStructureProperty><odePagStructureProperty><key>cssClass</key><value/></odePagStructureProperty></odePagStructureProperties><odeComponents><odeComponent><odePageId>20251126220622UNQFQR</odePageId><odeBlockId>20251126220622ZAQTCN</odeBlockId><odeIdeviceId>20251112191311368A3Y</odeIdeviceId><odeIdeviceTypeName>text</odeIdeviceTypeName><htmlView>&lt;div class="exe-text-template"&gt;&lt;div class="textIdeviceContent"&gt;
            &lt;div class="exe-text-activity"&gt;
                &lt;div&gt;&lt;p&gt;La codocencia no es solo una estrategia organizativa, sino una &lt;strong&gt;forma de entender la enseñanza desde la colaboración y la confianza mutua&lt;/strong&gt;. Supone abrir el aula, compartir decisiones y reconocer que dos miradas suman más que una.&lt;/p&gt;
&lt;p&gt;Trabajar en codocencia implica escuchar, planificar, enseñar y evaluar en equipo, asumiendo que la diversidad del profesorado, al igual que la del alumnado, es una riqueza que fortalece el proceso educativo.&lt;/p&gt;&lt;p class="clearfix"&gt;&lt;/p&gt;&lt;/div&gt;
            &lt;/div&gt;&lt;/div&gt;&lt;/div&gt;</htmlView><jsonProperties>{"ideviceId":"20251112191311368A3Y","textInfoDurationInput":"","textInfoDurationTextInput":"Duración","textInfoParticipantsInput":"","textInfoParticipantsTextInput":"Agrupamiento","textTextarea":"&lt;p&gt;La codocencia no es solo una estrategia organizativa, sino una &lt;strong&gt;forma de entender la enseñanza desde la colaboración y la confianza mutua&lt;/strong&gt;. Supone abrir el aula, compartir decisiones y reconocer que dos miradas suman más que una.&lt;/p&gt;\n&lt;p&gt;Trabajar en codocencia implica escuchar, planificar, enseñar y evaluar en equipo, asumiendo que la diversidad del profesorado, al igual que la del alumnado, es una riqueza que fortalece el proceso educativo.&lt;/p&gt;","textFeedbackInput":"Mostrar retroalimentación","textFeedbackTextarea":""}</jsonProperties><odeComponentsOrder>1</odeComponentsOrder><odeComponentsProperties><odeComponentsProperty><key>visibility</key><value>true</value></odeComponentsProperty><odeComponentsProperty><key>teacherOnly</key><value>false</value></odeComponentsProperty><odeComponentsProperty><key>identifier</key><value/></odeComponentsProperty><odeComponentsProperty><key>cssClass</key><value/></odeComponentsProperty></odeComponentsProperties></odeComponent></odeComponents></odePagStructure><odePagStructure><odePageId>20251126220622UNQFQR</odePageId><odeBlockId>20251126220622DBTIKA</odeBlockId><blockName/><iconName/><odePagStructureOrder>2</odePagStructureOrder><odePagStructureProperties><odePagStructureProperty><key>visibility</key><value>true</value></odePagStructureProperty><odePagStructureProperty><key>teacherOnly</key><value>false</value></odePagStructureProperty><odePagStructureProperty><key>allowToggle</key><value>true</value></odePagStructureProperty><odePagStructureProperty><key>minimized</key><value>false</value></odePagStructureProperty><odePagStructureProperty><key>identifier</key><value/></odePagStructureProperty><odePagStructureProperty><key>cssClass</key><value/></odePagStructureProperty></odePagStructureProperties><odeComponents><odeComponent><odePageId>20251126220622UNQFQR</odePageId><odeBlockId>20251126220622DBTIKA</odeBlockId><odeIdeviceId>202511132214087786TS</odeIdeviceId><odeIdeviceTypeName>text</odeIdeviceTypeName><htmlView>&lt;div class="exe-text-template"&gt;&lt;div class="textIdeviceContent"&gt;
            &lt;div class="exe-text-activity"&gt;
                &lt;div&gt;&lt;p&gt;La experiencia de codocencia es un camino de aprendizaje compartido, donde cada paso se construye con diálogo, respeto y compromiso.&lt;br&gt;Más que dividir tareas, se trata de multiplicar oportunidades de aprendizaje para el alumnado y de crecimiento profesional para los docentes.&lt;/p&gt;
&lt;h5&gt;“En la codocencia, enseñar juntos es también aprender juntos.”&lt;/h5&gt;&lt;p class="clearfix"&gt;&lt;/p&gt;&lt;/div&gt;
            &lt;/div&gt;&lt;/div&gt;&lt;/div&gt;</htmlView><jsonProperties>{"ideviceId":"202511132214087786TS","textInfoDurationInput":"","textInfoDurationTextInput":"Duración","textInfoParticipantsInput":"","textInfoParticipantsTextInput":"Agrupamiento","textTextarea":"&lt;p&gt;La experiencia de codocencia es un camino de aprendizaje compartido, donde cada paso se construye con diálogo, respeto y compromiso.&lt;br /&gt;Más que dividir tareas, se trata de multiplicar oportunidades de aprendizaje para el alumnado y de crecimiento profesional para los docentes.&lt;/p&gt;\n&lt;h5&gt;“En la codocencia, enseñar juntos es también aprender juntos.”&lt;/h5&gt;","textFeedbackInput":"Mostrar retroalimentación","textFeedbackTextarea":""}</jsonProperties><odeComponentsOrder>1</odeComponentsOrder><odeComponentsProperties><odeComponentsProperty><key>visibility</key><value>true</value></odeComponentsProperty><odeComponentsProperty><key>teacherOnly</key><value>false</value></odeComponentsProperty><odeComponentsProperty><key>identifier</key><value/></odeComponentsProperty><odeComponentsProperty><key>cssClass</key><value/></odeComponentsProperty></odeComponentsProperties></odeComponent></odeComponents></odePagStructure><odePagStructure><odePageId>20251126220622UNQFQR</odePageId><odeBlockId>20251126220622WGQMFV</odeBlockId><blockName>Verdadero o falso</blockName><iconName/><odePagStructureOrder>3</odePagStructureOrder><odePagStructureProperties><odePagStructureProperty><key>visibility</key><value>true</value></odePagStructureProperty><odePagStructureProperty><key>teacherOnly</key><value>false</value></odePagStructureProperty><odePagStructureProperty><key>allowToggle</key><value>true</value></odePagStructureProperty><odePagStructureProperty><key>minimized</key><value>false</value></odePagStructureProperty><odePagStructureProperty><key>identifier</key><value/></odePagStructureProperty><odePagStructureProperty><key>cssClass</key><value/></odePagStructureProperty></odePagStructureProperties><odeComponents><odeComponent><odePageId>20251126220622UNQFQR</odePageId><odeBlockId>20251126220622WGQMFV</odeBlockId><odeIdeviceId>20251113221459278136</odeIdeviceId><odeIdeviceTypeName>trueorfalse</odeIdeviceTypeName><htmlView>&lt;div class="exe-trueorfalse-container"&gt;
    &lt;div class="game-evaluation-ids js-hidden" data-id="20251113221459278136" data-evaluationb="true" data-evaluationid="20251112173656TNLJGC"&gt;&lt;/div&gt;
        &lt;div class="TOFP-instructions"&gt;&lt;p&gt;Responde todas las preguntas del cuestionario.&lt;/p&gt;&lt;/div&gt;
        &lt;div class="TOFP-MainContainer" data-instance="20251113221459278136" id="tofPMainContainer-20251113221459278136"&gt;
            &lt;div class="TOFP-GameContainer" id="tofPGameContainer-20251113221459278136"&gt;
                &lt;div class="TOFP-GameScoreBoard "&gt;
                    &lt;div class="TOFP-TimeNumber"&gt;
                        &lt;strong&gt;&lt;span class="sr-av"&gt;Tiempo por pregunta:&lt;/span&gt;&lt;/strong&gt;
                        &lt;p id="tofPPTime-20251113221459278136" class="TOFP-PTime"&gt;00:00:&lt;/p&gt;
                    &lt;/div&gt;
                &lt;/div&gt;
                &lt;div class="TOFP-MessgeDiv" id="tofPMessageDiv-20251113221459278136"&gt;
                    &lt;div class="TOFP-Message" id="tofPMessage-20251113221459278136"&gt;&lt;/div&gt;
                &lt;/div&gt;
                &lt;div class="TOFP-StartGameDiv " id="tofPStartGameDiv-20251113221459278136"&gt;
                    &lt;button  id="tofPStartGame-20251113221459278136" type="button" class="btn btn-primary"&gt;Pulse aquí para empezar&lt;/button&gt;
                &lt;/div&gt;
                &lt;div class="TOFP-Multimedia TOFP-EHidden" id="tofPMultimedia-20251113221459278136"&gt;
                &lt;/div&gt;
                &lt;div class="TOFP-CheckTestDiv TOFP-EHidden" id="tofPCheckTestDiv-20251113221459278136"&gt;
                    &lt;button id="tofPCheckTest-20251113221459278136" type="button" class="btn btn-primary"&gt;Comprobar&lt;/button&gt;
                    &lt;button id="tofRebootTest-20251113221459278136" type="button" class="btn btn-primary TOFP-EHidden"&gt;¡Prueba otra vez!&lt;/button&gt;
                &lt;/div&gt;
        &lt;/div&gt; 
        &lt;div class="Games-BottonContainer"&gt;
            &lt;div class="Games-GetScore"&gt;
                &lt;input id="tofPSendScore-20251113221459278136" type="button" value="Guardar la puntuación" class="feedbackbutton Games-SendScore" style="display:none"/&gt; &lt;span class="Games-RepeatActivity"&gt;&lt;/span&gt;
            &lt;/div&gt;
        &lt;/div&gt;
        &lt;div class="TOFP-After"&gt;&lt;/div&gt;
        &lt;div class="questionsMedia" style="display:none"&gt;&lt;/div&gt;&lt;/div&gt;</htmlView><jsonProperties>{"id":"20251113221459278136","typeGame":"TrueOrFalse","eXeGameInstructions":"&lt;p&gt;Responde todas las preguntas del cuestionario.&lt;/p&gt;","eXeIdeviceTextAfter":"","msgs":{"msgStartGame":"Pulse aquí para empezar","msgTime":"Tiempo por pregunta","msgNoImage":"Pregunta sin imágenes","msgScoreScorm":"La puntuación no se puede guardar porque esta página no forma parte  de un paquete SCORM.","msgEndGameScore":"Antes de guardar la puntuación comience la partida.","msgOnlySaveScore":"¡Solo puede guardar la puntuación una vez!","msgOnlySave":"Solo puede guardar una vez","msgYouScore":"Su puntuación","msgAuthor":"Autoría","msgOnlySaveAuto":"Su puntuación se guardará después de cada pregunta. Solo puede jugar una vez.","msgSaveAuto":"Su puntuación se guardará automáticamente después de cada pregunta.","msgSeveralScore":"Puede guardar la puntuación tantas veces como quiera","msgYouLastScore":"La última puntuación guardada es","msgActityComply":"Ya ha realizado esta actividad.","msgPlaySeveralTimes":"Puede realizar esta actividad cuantas veces quiera","msgUncompletedActivity":"Actividad no completada","msgSuccessfulActivity":"Actividad superada. Puntuación: %s","msgUnsuccessfulActivity":"Actividad no superada. Puntuación: %s","msgTypeGame":"Verdadero o falso","msgFeedback":"Retroalimentación","msgSuggestion":"Sugerencia","msgSolution":"Solución","msgQuestion":"Pregunta","msgTrue":"Verdadero","msgFalse":"Falso","msgOk":"Correcto","msgKO":"Incorrecto","msgShow":"Mostrar","msgHide":"Ocultar","msgCheck":"Comprobar","msgReboot":"¡Prueba otra vez!","msgScore":"Puntuación","msgWeight":"Peso","msgNext":"Siguiente","msgPrevious":"Anterior"},"questionsRandom":true,"percentageQuestions":100,"isTest":true,"time":57,"questionsGame":[{"question":"&lt;p&gt;En la codocencia, cada docente trabaja de forma independiente con su grupo sin necesidad de coordinación.&lt;/p&gt;\n&lt;p&gt; &lt;/p&gt;","feedback":"&lt;p&gt;La codocencia implica planificación y trabajo conjunto entre docentes, no enseñanza separada.&lt;/p&gt;","suggestion":"","solution":0},{"question":"&lt;p&gt;En el modelo “un docente lidera y otro apoya”, ambos tienen un papel activo en el aula.&lt;/p&gt;","feedback":"&lt;p&gt;Aunque uno dirige la clase, el otro ofrece apoyo y atención individual, por lo que ambos participan activamente.&lt;br /&gt; &lt;/p&gt;","suggestion":"","solution":1},{"question":"&lt;p&gt;En la enseñanza paralela, los docentes dividen el grupo y enseñan contenidos diferentes.&lt;/p&gt;","feedback":"&lt;p&gt;En la enseñanza paralela, ambos imparten el mismo contenido, pero a grupos distintos.&lt;/p&gt;","suggestion":"","solution":0},{"question":"&lt;p&gt;La planificación en codocencia debe realizarse de forma individual para ahorrar tiempo.&lt;/p&gt;","feedback":"&lt;p&gt;La planificación conjunta es esencial para coordinar roles, objetivos y evaluación.&lt;/p&gt;","suggestion":"","solution":0},{"question":"&lt;p&gt;Uno de los aspectos clave a planificar en codocencia son los roles y responsabilidades de cada docente.&lt;/p&gt;","feedback":"&lt;p&gt;Definir claramente quién hace qué evita solapamientos y mejora la eficacia del trabajo en equipo.&lt;/p&gt;","suggestion":"","solution":1},{"question":"&lt;p&gt;En la codocencia, evaluar significa únicamente calificar al alumnado.&lt;/p&gt;\n&lt;p&gt; &lt;/p&gt;","feedback":"&lt;p&gt;También se evalúan la práctica docente compartida, la coordinación y los procesos de enseñanza-aprendizaje.&lt;br /&gt; &lt;/p&gt;","suggestion":"","solution":0},{"question":"&lt;p&gt;La coevaluación entre docentes es una herramienta útil para mejorar la práctica conjunta.&lt;/p&gt;","feedback":"&lt;p&gt;Permite reflexionar sobre el trabajo en pareja profesional y avanzar hacia la mejora continua.&lt;/p&gt;","suggestion":"","solution":1},{"question":"&lt;p&gt;La codocencia puede aplicarse solo en materias instrumentales como Lengua o Matemáticas.&lt;/p&gt;","feedback":"&lt;p&gt;Puede desarrollarse en cualquier área o nivel educativo, adaptándose a las necesidades del alumnado.&lt;/p&gt;","suggestion":"","solution":0},{"question":"&lt;p&gt;La codocencia favorece la inclusión y la atención a la diversidad.&lt;/p&gt;","feedback":"&lt;p&gt;Al haber dos docentes, se puede atender mejor a las diferentes necesidades del alumnado.&lt;/p&gt;","suggestion":"","solution":1},{"question":"&lt;p&gt;La evaluación compartida permite obtener una visión más completa y justa del aprendizaje.&lt;/p&gt;","feedback":"&lt;p&gt;Dos perspectivas enriquecen el proceso de valoración y hacen la evaluación más equitativa.&lt;/p&gt;","suggestion":"","solution":1},{"question":"&lt;p&gt;En los casos reales de codocencia, el éxito depende sobre todo de la buena comunicación entre docentes.&lt;/p&gt;","feedback":"&lt;p&gt;La coordinación y la comunicación son la base de toda experiencia efectiva de codocencia.&lt;/p&gt;","suggestion":"","solution":1},{"question":"&lt;p&gt;La codocencia busca sustituir al trabajo individual del profesorado.&lt;/p&gt;\n&lt;p&gt; &lt;/p&gt;","feedback":"&lt;p&gt;No sustituye, sino que complementa: combina la colaboración con la autonomía docente.&lt;br /&gt; &lt;/p&gt;","suggestion":"","solution":0},{"question":"&lt;p&gt;Evaluar en codocencia también significa reflexionar sobre la práctica docente compartida.&lt;/p&gt;","feedback":"&lt;p&gt;Es una oportunidad de aprendizaje profesional y mejora continua.&lt;/p&gt;","suggestion":"","solution":1},{"question":"&lt;p&gt;“En la codocencia, enseñar juntos es también aprender juntos” refleja el sentido colaborativo de esta práctica.&lt;/p&gt;","feedback":"&lt;p&gt;Resume la esencia de la codocencia como espacio de crecimiento mutuo.&lt;/p&gt;","suggestion":"","solution":1},{"question":"&lt;p&gt;La planificación, la evaluación y la reflexión final son tres fases esenciales en cualquier experiencia de codocencia.&lt;/p&gt;","feedback":"&lt;p&gt;Son las etapas que garantizan coherencia, coordinación y mejora constante.&lt;/p&gt;","suggestion":"","solution":1}],"isScorm":1,"textButtonScorm":"Guardar la puntuación","repeatActivity":true,"weighted":100,"evaluation":true,"evaluationID":"20251112173656TNLJGC","showSlider":false,"ideviceId":"20251113221459278136"}</jsonProperties><odeComponentsOrder>1</odeComponentsOrder><odeComponentsProperties><odeComponentsProperty><key>visibility</key><value>true</value></odeComponentsProperty><odeComponentsProperty><key>teacherOnly</key><value>false</value></odeComponentsProperty><odeComponentsProperty><key>identifier</key><value/></odeComponentsProperty><odeComponentsProperty><key>cssClass</key><value/></odeComponentsProperty></odeComponentsProperties></odeComponent></odeComponents></odePagStructure></odePagStructures></odeNavStructure><odeNavStructure><odePageId>20251126220622LEXSYG</odePageId><odeParentPageId/><pageName>Autoría y Licencia</pageName><odeNavStructureOrder>8</odeNavStructureOrder><odeNavStructureProperties><odeNavStructureProperty><key>titleNode</key><value>Autoría y Licencia</value></odeNavStructureProperty><odeNavStructureProperty><key>titleHtml</key><value/></odeNavStructureProperty><odeNavStructureProperty><key>editableInPage</key><value>false</value></odeNavStructureProperty><odeNavStructureProperty><key>titlePage</key><value>Autoría y Licencia</value></odeNavStructureProperty><odeNavStructureProperty><key>visibility</key><value>true</value></odeNavStructureProperty><odeNavStructureProperty><key>description</key><value/></odeNavStructureProperty></odeNavStructureProperties><odePagStructures><odePagStructure><odePageId>20251126220622LEXSYG</odePageId><odeBlockId>20251126220622PUNCCL</odeBlockId><blockName>Descargar el archivo fuente</blockName><iconName/><odePagStructureOrder>1</odePagStructureOrder><odePagStructureProperties><odePagStructureProperty><key>visibility</key><value>true</value></odePagStructureProperty><odePagStructureProperty><key>teacherOnly</key><value>false</value></odePagStructureProperty><odePagStructureProperty><key>allowToggle</key><value>true</value></odePagStructureProperty><odePagStructureProperty><key>minimized</key><value>false</value></odePagStructureProperty><odePagStructureProperty><key>identifier</key><value/></odePagStructureProperty><odePagStructureProperty><key>cssClass</key><value/></odePagStructureProperty></odePagStructureProperties><odeComponents><odeComponent><odePageId>20251126220622LEXSYG</odePageId><odeBlockId>20251126220622PUNCCL</odeBlockId><odeIdeviceId>202511162353056339B7</odeIdeviceId><odeIdeviceTypeName>download-source-file</odeIdeviceTypeName><htmlView>&lt;div class="exe-download-package-instructions"&gt;&lt;table class="exe-table exe-package-info"&gt;&lt;caption&gt;Información general sobre este recurso educativo&lt;/caption&gt;
&lt;tbody&gt;
&lt;tr&gt;
&lt;th&gt;Título&lt;/th&gt;
&lt;td&gt;Docencia compartida: enseñar y aprender en equipo&lt;/td&gt;
&lt;/tr&gt;
&lt;tr&gt;
&lt;th&gt;Descripción&lt;/th&gt;
&lt;td&gt;En este REA exploraremos qué es la codocencia, sus beneficios, modelos de aplicación y estrategias para planificar y evaluar conjuntamente.&lt;/td&gt;
&lt;/tr&gt;
&lt;tr&gt;
&lt;th&gt;Autoría&lt;/th&gt;
&lt;td&gt;María Toledo&lt;/td&gt;
&lt;/tr&gt;
&lt;tr&gt;
&lt;th&gt;Licencia&lt;/th&gt;
&lt;td&gt;creative commons: attribution - non commercial - share alike 4.0&lt;/td&gt;
&lt;/tr&gt;
&lt;/tbody&gt;
&lt;/table&gt;
&lt;p style="text-align: center;"&gt;Este contenido fue creado con &lt;a href="http://exelearning.net/"&gt;eXeLearning&lt;/a&gt;, el editor libre y de fuente abierta diseñado para crear recursos educativos.&lt;/p&gt;&lt;/div&gt;&lt;p class="exe-download-package-link"&gt;&lt;a download="exe-package:elp-name" href="exe-package:elp" style="background-color:#107275;color:#ffffff;"&gt;Descargar el archivo .elpx&lt;/a&gt;&lt;/p&gt;</htmlView><jsonProperties/><odeComponentsOrder>1</odeComponentsOrder><odeComponentsProperties><odeComponentsProperty><key>visibility</key><value>true</value></odeComponentsProperty><odeComponentsProperty><key>teacherOnly</key><value>false</value></odeComponentsProperty><odeComponentsProperty><key>identifier</key><value/></odeComponentsProperty><odeComponentsProperty><key>cssClass</key><value/></odeComponentsProperty></odeComponentsProperties></odeComponent></odeComponents></odePagStructure></odePagStructures></odeNavStructure></odeNavStructures></ode>
