<?xml version="1.0" encoding="UTF-8"?>
<manifest identifier="eXe-MANIFEST-20251112173656TNLJGC" xmlns="http://www.imsproject.org/xsd/imscp_rootv1p1p2" xmlns:adlcp="http://www.adlnet.org/xsd/adlcp_rootv1p2" xmlns:imsmd="http://www.imsglobal.org/xsd/imsmd_v1p2" xmlns:xsi="http://www.w3.org/2001/XMLSchema-instance" xsi:schemaLocation="http://www.imsproject.org/xsd/imscp_rootv1p1p2 imscp_rootv1p1p2.xsd http://www.imsglobal.org/xsd/imsmd_rootv1p2p1 imsmd_rootv1p2p1.xsd http://www.adlnet.org/xsd/adlcp_rootv1p2 adlcp_rootv1p2.xsd"><metadata><schema>ADL SCORM</schema><schemaversion>1.2</schemaversion><adlcp:location>imslrm.xml</adlcp:location></metadata><organizations default="eXe-20251112173656TNLJGC"><organization identifier="eXe-20251112173656TNLJGC" structure="hierarchical"><title>Docencia compartida: enseñar y aprender en equipo</title><item identifier="ITEM-20251112173657LSCQAR" identifierref="RES-20251112173657LSCQAR" isvisible="true"><title>Objetivos</title></item><item identifier="ITEM-20251112190123306K4S" identifierref="RES-20251112190123306K4S" isvisible="true"><title>Bloque 1: ¿Qué es la codocencia?</title></item><item identifier="ITEM-202511121904055051TC" identifierref="RES-202511121904055051TC" isvisible="true"><title>Bloque 2: Modelos de docencia compartida</title></item><item identifier="ITEM-20251112190439920S5X" identifierref="RES-20251112190439920S5X" isvisible="true"><title>Bloque 3: Planificar en codocencia</title></item><item identifier="ITEM-20251112190516014YMQ" identifierref="RES-20251112190516014YMQ" isvisible="true"><title>Bloque 4: Evaluar en codocencia</title></item><item identifier="ITEM-20251112190544384FBQ" identifierref="RES-20251112190544384FBQ" isvisible="true"><title>Bloque 5: Experiencias reales</title></item><item identifier="ITEM-20251112190616690MCL" identifierref="RES-20251112190616690MCL" isvisible="true"><title>Bloque final: Reflexión y cierre</title></item><item identifier="ITEM-20251112190715472NFA" identifierref="RES-20251112190715472NFA" isvisible="true"><title>Autoría y Licencia</title></item></organization></organizations><resources><resource identifier="RES-20251112173657LSCQAR" type="webcontent" adlcp:scormtype="sco" href="index.html"><file href="index.html"/><file href="content/resources/202511132257509164JT/codocencia.png"/><file href="idevices/text/text.css"/><file href="idevices/text/text.html"/><file href="idevices/text/text.js"/><dependency identifierref="COMMON_FILES"/></resource><resource identifier="RES-20251112190123306K4S" type="webcontent" adlcp:scormtype="sco" href="html/bloque-1-que-es-la-codocencia.html"><file href="html/bloque-1-que-es-la-codocencia.html"/><file href="idevices/text/text.css"/><file href="idevices/text/text.html"/><file href="idevices/text/text.js"/><dependency identifierref="COMMON_FILES"/></resource><resource identifier="RES-202511121904055051TC" type="webcontent" adlcp:scormtype="sco" href="html/bloque-2-modelos-de-docencia-compartida.html"><file href="html/bloque-2-modelos-de-docencia-compartida.html"/><file href="content/resources/20251113224552844SAM/Modelos_de_Codocencia__Una_Guia_Practica_-_visual_selection.png"/><file href="content/resources/202511132249413812Y5/Modelos_de_Codocencia__Una_Guia_Practica_-_visual_selection_2.png"/><file href="idevices/text/text.css"/><file href="idevices/text/text.html"/><file href="idevices/text/text.js"/><file href="idevices/udl-content/udl-character-1.gif"/><file href="idevices/udl-content/udl-character-2.gif"/><file href="idevices/udl-content/udl-character-3.gif"/><file href="idevices/udl-content/udl-character-4.gif"/><file href="idevices/udl-content/udl-content.css"/><file href="idevices/udl-content/udl-content.js"/><file href="idevices/udl-content/udl-icons-sm.png"/><file href="idevices/udl-content/udl-icons.png"/><dependency identifierref="COMMON_FILES"/></resource><resource identifier="RES-20251112190439920S5X" type="webcontent" adlcp:scormtype="sco" href="html/bloque-3-planificar-en-codocencia.html"><file href="html/bloque-3-planificar-en-codocencia.html"/><file href="content/resources/20251113214507161L2K/Captura_de_pantalla_2025-11-13_a_las_21.46.56.png"/><file href="idevices/text/text.css"/><file href="idevices/text/text.html"/><file href="idevices/text/text.js"/><dependency identifierref="COMMON_FILES"/></resource><resource identifier="RES-20251112190516014YMQ" type="webcontent" adlcp:scormtype="sco" href="html/bloque-4-evaluar-en-codocencia.html"><file href="html/bloque-4-evaluar-en-codocencia.html"/><file href="content/resources/20251113215709106F7Y/Captura_de_pantalla_2025-11-13_a_las_21.58.24.png"/><file href="idevices/text/text.css"/><file href="idevices/text/text.html"/><file href="idevices/text/text.js"/><dependency identifierref="COMMON_FILES"/></resource><resource identifier="RES-20251112190544384FBQ" type="webcontent" adlcp:scormtype="sco" href="html/bloque-5-experiencias-reales.html"><file href="html/bloque-5-experiencias-reales.html"/><file href="idevices/text/text.css"/><file href="idevices/text/text.html"/><file href="idevices/text/text.js"/><dependency identifierref="COMMON_FILES"/></resource><resource identifier="RES-20251112190616690MCL" type="webcontent" adlcp:scormtype="sco" href="html/bloque-final-reflexion-y-cierre.html"><file href="html/bloque-final-reflexion-y-cierre.html"/><file href="idevices/text/text.css"/><file href="idevices/text/text.html"/><file href="idevices/text/text.js"/><file href="idevices/trueorfalse/exequextfull.svg"/><file href="idevices/trueorfalse/exequexthits.png"/><file href="idevices/trueorfalse/exequexthits.svg"/><file href="idevices/trueorfalse/exequextmin.svg"/><file href="idevices/trueorfalse/exequextnumber.svg"/><file href="idevices/trueorfalse/exequextreload.png"/><file href="idevices/trueorfalse/exequextrerrors.png"/><file href="idevices/trueorfalse/exequextrerrors.svg"/><file href="idevices/trueorfalse/exequextscore.svg"/><file href="idevices/trueorfalse/exequextsq.png"/><file href="idevices/trueorfalse/exequexttime.svg"/><file href="idevices/trueorfalse/tofhidesuggestion.png"/><file href="idevices/trueorfalse/tofnext.png"/><file href="idevices/trueorfalse/tofnextd.png"/><file href="idevices/trueorfalse/tofprevious.png"/><file href="idevices/trueorfalse/tofpreviousd.png"/><file href="idevices/trueorfalse/tofshowsuggestion.png"/><file href="idevices/trueorfalse/trueorfalse.css"/><file href="idevices/trueorfalse/trueorfalse.html"/><file href="idevices/trueorfalse/trueorfalse.js"/><dependency identifierref="COMMON_FILES"/></resource><resource identifier="RES-20251112190715472NFA" type="webcontent" adlcp:scormtype="sco" href="html/autoria-y-licencia.html"><file href="html/autoria-y-licencia.html"/><file href="idevices/download-source-file/download-package-licenses.png"/><file href="idevices/download-source-file/download-source-file.css"/><dependency identifierref="COMMON_FILES"/></resource><resource identifier="COMMON_FILES" type="webcontent" adlcp:scormtype="asset"><file href="libs/bootstrap/bootstrap.min.css"/><file href="libs/bootstrap/bootstrap.bundle.min.js.map"/><file href="libs/bootstrap/bootstrap.bundle.min.js"/><file href="libs/bootstrap/bootstrap.min.css.map"/><file href="libs/jquery/jquery.min.js"/><file href="libs/exe_export.js"/><file href="libs/SCORM_API_wrapper.js"/><file href="libs/SCOFunctions.js"/><file href="libs/common.js"/><file href="libs/common_i18n.js"/><file href="content/css/icons/exe-chevron-icon.svg"/><file href="content/css/icons/aright.svg"/><file href="content/css/icons/exe-delete-icon-green.svg"/><file href="content/css/icons/exe-info-icon-green.svg"/><file href="content/css/icons/exe-arrow-icon-green.svg"/><file href="content/css/icons/exe-preview-icon-green.svg"/><file href="content/css/icons/aleft.svg"/><file href="content/css/icons/exe-games-icon-green.svg"/><file href="content/css/icons/exe-delete-icon-red.svg"/><file href="content/css/icons/exe-move-icon.svg"/><file href="content/css/icons/exe-download-icon-green.svg"/><file href="content/css/icons/exe-settings-icon.svg"/><file href="content/css/icons/exe-colors-icon-green.svg"/><file href="content/css/icons/exe-share-icon.svg"/><file href="content/css/icons/exe-undo-icon.svg"/><file href="content/css/icons/exe-recent-icon-green.svg"/><file href="content/css/icons/exe-edit-icon-green.svg"/><file href="content/css/icons/exe-open-icon.svg"/><file href="content/css/icons/exe-drag-handle-icon.svg"/><file href="content/css/icons/exe-interactive-icon-green.svg"/><file href="content/css/icons/exe-image-compact-icon.svg"/><file href="content/css/icons/exe-save-icon.svg"/><file href="content/css/icons/exe-share-icon-green.svg"/><file href="content/css/icons/exe-page-icon-green.svg"/><file href="content/css/icons/exe-preview-icon-white.svg"/><file href="content/css/icons/exe-download-icon.svg"/><file href="content/css/icons/plus.svg"/><file href="content/css/icons/exe-dots-menu-vertical-icon.svg"/><file href="content/css/icons/exe-image-icon-green.svg"/><file href="content/css/icons/exe-print-icon-green.svg"/><file href="content/css/icons/exe-styles-icon.svg"/><file href="content/css/icons/add.svg"/><file href="content/css/icons/exe-page-icon.svg"/><file href="content/css/icons/exe-image-compact-icon-green.svg"/><file href="content/css/icons/exe-chevron-icon-green.svg"/><file href="content/css/icons/exe-undo-icon-green.svg"/><file href="content/css/icons/exe-close-icon.svg"/><file href="content/css/icons/exe-menu-icon.svg"/><file href="content/css/icons/exe-save-icon-green.svg"/><file href="content/css/icons/exe-new-icon.svg"/><file href="content/css/icons/exe-link-icon.svg"/><file href="content/css/icons/exe-evaluation-icon-green.svg"/><file href="content/css/icons/exe-palette-icon-green.svg"/><file href="content/css/icons/exe-info-icon-solid-green.svg"/><file href="content/css/icons/exe-concurrent-users-icon.svg"/><file href="content/css/icons/exe-duplicate-icon.svg"/><file href="content/css/icons/exe-duplicate-icon-green.svg"/><file href="content/css/icons/exe-science-icon-green.svg"/><file href="content/css/icons/exe-upload-cloud-icon.svg"/><file href="content/css/icons/exe-close-icon-white.svg"/><file href="content/css/icons/exe-delete-icon.svg"/><file href="content/css/icons/exe-expand-icon-green.svg"/><file href="content/css/icons/exe-arrow-icon.svg"/><file href="content/css/icons/exe-compress-icon.svg"/><file href="content/css/icons/cross.svg"/><file href="content/css/icons/exe-import-icon.svg"/><file href="content/css/icons/exe-report-icon-green.svg"/><file href="content/css/icons/exe-settings-icon-green.svg"/><file href="content/css/icons/exe-upload-cloud-icon-green.svg"/><file href="content/css/icons/exe-search-icon.svg"/><file href="content/css/icons/menu.svg"/><file href="content/css/icons/exe-download-icon-disabled.svg"/><file href="content/css/icons/exe-dots-menu-vertical-icon-green.svg"/><file href="content/css/icons/exe-save-icon-white.svg"/><file href="content/css/icons/exe-import-icon-green.svg"/><file href="content/css/icons/exe-user-made-icon.svg"/><file href="content/css/icons/exe-move-icon-green.svg"/><file href="content/css/icons/exe-edit-icon.svg"/><file href="content/css/icons/minus.svg"/><file href="content/css/icons/exe-information-icon-green.svg"/><file href="content/css/icons/exe-chevron-icon-white.svg"/><file href="content/css/base.css"/><file href="content/img/exe_powered_logo.png"/><file href="theme/default_sprite.png"/><file href="theme/preview.png"/><file href="theme/content.css"/><file href="theme/config.xml"/><file href="theme/icons/info.png"/><file href="theme/icons/roadmap.png"/><file href="theme/icons/competencies.png"/><file href="theme/icons/stop.png"/><file href="theme/icons/calculate.png"/><file href="theme/icons/book.png"/><file href="theme/icons/collaborative.png"/><file href="theme/icons/ask.png"/><file href="theme/icons/download.png"/><file href="theme/icons/gallery.png"/><file href="theme/icons/objectives.png"/><file href="theme/icons/pieces.png"/><file href="theme/icons/case.png"/><file href="theme/icons/guide.png"/><file href="theme/icons/file.png"/><file href="theme/icons/interactive.png"/><file href="theme/icons/music.png"/><file href="theme/icons/alert.png"/><file href="theme/icons/draw.png"/><file href="theme/icons/reflection.png"/><file href="theme/icons/observe.png"/><file href="theme/icons/think_alt.png"/><file href="theme/icons/present.png"/><file href="theme/icons/diary_alt.png"/><file href="theme/icons/passport.png"/><file href="theme/icons/sport.png"/><file href="theme/icons/technology.png"/><file href="theme/icons/history.png"/><file href="theme/icons/perform.png"/><file href="theme/icons/diary.png"/><file href="theme/icons/math.png"/><file href="theme/icons/suitcase.png"/><file href="theme/icons/geography.png"/><file href="theme/icons/arts.png"/><file href="theme/icons/activity.png"/><file href="theme/icons/listen.png"/><file href="theme/icons/video.png"/><file href="theme/icons/nature.png"/><file href="theme/icons/share.png"/><file href="theme/icons/chrono.png"/><file href="theme/icons/think.png"/><file href="theme/icons/discuss.png"/><file href="theme/icons/agreement.png"/><file href="theme/icons/letters.png"/><file href="theme/icons/experiment.png"/><file href="theme/icons/piece.png"/><file href="theme/icons/explore.png"/><file href="theme/icons/play.png"/><file href="theme/icons/start.png"/><file href="theme/icons/english.png"/><file href="theme/default.js"/><file href="theme/default_licenses.gif"/><file href="common/elementTypes.xsd"/><file href="common/dataTypes.xsd"/><file href="common/vocabTypes.xsd"/><file href="common/rootElement.xsd"/><file href="common/elementNames.xsd"/><file href="common/vocabValues.xsd"/><file href="common/anyElement.xsd"/><file href="extend/strict.xsd"/><file href="unique/strict.xsd"/><file href="vocab/strict.xsd"/><file href="vocab/lomesvocab.xsd"/><file href="vocab/custom.xsd"/><file href="Docencia compartida: enseñar y aprender en equipo.elpx"/><file href="adlcp_rootv1p2.xsd"/><file href="content.xml"/><file href="ims_xml.xsd"/><file href="imscp_rootv1p1p2.xsd"/><file href="imslrm.xml"/><file href="imsmd_rootv1p2p1.xsd"/><file href="lom.xsd"/><file href="lomCustom.xsd"/></resource></resources></manifest>
